,Time Stamp,x,y,z,theta,phy
0,2025-06-24 16:10:51.747935,0.988797879405026,-4.19413304009126,0.757345916294694,0.111730355106751,0.69404338552347
1,2025-06-24 16:10:51.749941,2.98876659664854,-5.24151969224311,0.383090350925672,0.095181208643752,6.1272086293802
2,2025-06-24 16:10:51.751563,0.298228712198524,-6.48229257877361,0.613017779455359,0.076296453361571,0.214504976106392
3,2025-06-24 16:10:51.758829,1.78602927996974,-4.24858085668668,0.680185841728474,0,2.46201585466313
4,2025-06-24 16:10:51.761112,1.13616950352753,-6.39433763903118,0.496475130962998,0.07916398313466,6.23297628947974
5,2025-06-24 16:10:51.762745,0.52681247094896,-7.43718977376718,0.578518710693872,0.063251977233343,0.172712145143071
6,2025-06-24 16:10:51.764759,-0.923600738594969,-8.66253741148847,0.663520467034269,0.063141922268824,0.743980618199264
7,2025-06-24 16:10:51.766790,2.0281421688726,-9.34751603912299,0.508555765810964,0.029139586617644,0.16635704200068
8,2025-06-24 16:10:51.775015,-0.256074967228336,-5.42630202901077,0.534598246526539,0,2.04635261026038
9,2025-06-24 16:10:51.783451,-1.59476615972411,-7.77989313174513,0.507993532707047,0,2.04635261026038
10,2025-06-24 16:10:51.787001,-0.17510119381455,-4.12593937963914,0.736888464929469,0.105936506703782,0.716792266695865
11,2025-06-24 16:10:51.788897,1.65645630604426,-9.31353741681379,0.454502255662493,0.037660031142018,0.067487906230896
12,2025-06-24 16:10:51.794935,-1.10742972663425,-5.5198272244078,0.566428941680833,0,2.91926401677988
13,2025-06-24 16:10:51.800934,0.002992691349601,-7.46125412308247,0.516459524000222,0,2.91926401677988
14,2025-06-24 16:10:51.805584,2.21608548963576,-8.13460466914299,0.450390223421917,0,2.91926401677988
15,2025-06-24 16:10:51.815069,0.996071259312606,-5.42035591678457,0.428162610212813,0,2.91926401677988
16,2025-06-24 16:10:51.821313,2.73691427665632,-4.19170524807023,0.701843018724094,0,4.17720727956461
17,2025-06-24 16:10:51.823281,-0.601493952218111,-8.43425722088223,0.569715224988704,0.050766691662086,0.589025791522315
18,2025-06-24 16:10:51.825089,-0.403732518387366,-6.57780556339192,0.644271725611233,0.076321564961516,0.323689619863742
19,2025-06-24 16:10:51.826752,-1.5651081869563,-5.8696866842441,0.72291438278624,0.081845811544473,0.398585427146302
20,2025-06-24 16:10:51.829372,1.83374152686688,-6.45229520530107,0.481841884098267,0.071584612393349,6.11884196796288
21,2025-06-24 16:10:51.832232,1.02904333920079,-9.36032510952487,0.628073209301124,0.055852581609047,0.462637681057653
22,2025-06-24 16:10:51.834367,-0.786097400384504,-4.77698680852132,0.618454832271219,0.088169015944815,0.036304633121126
23,2025-06-24 16:10:51.836276,2.85899992585585,-7.26039611879257,0.382009291940088,0.087782933664435,5.96572828577089
24,2025-06-24 16:10:51.837800,-0.824342456722264,-7.48587202979729,0.680105051361539,0.074724757596573,0.668708056809229
25,2025-06-24 16:10:51.839224,-1.95771947422921,-6.55714897768688,0.774583123601543,0.094744674770924,0.567744859135193
26,2025-06-24 16:10:51.846769,1.62051872199536,-5.48529892423148,0.582465924805369,0,2.66222629385726
27,2025-06-24 16:10:51.849177,-1.05388503480467,-9.48855887209698,0.761352205394437,0.052212663797486,0.944651331152755
28,2025-06-24 16:10:51.851188,2.38160948232107,-8.39391575862599,0.562713651114177,0.048268404167644,0.263667841344244
29,2025-06-24 16:10:51.854124,-1.64009020790383,-5.04286079007773,0.672304207689974,0.088425394360721,0.11762836096436
30,2025-06-24 16:10:51.856508,1.45475501883489,-9.17615390058869,0.404681862521324,0.048530299550116,0.049443546419681
31,2025-06-24 16:10:51.858507,0.646957819260816,-8.60182036676292,0.504601265104439,0.054711745166269,0.11324839038123
32,2025-06-24 16:10:51.860243,0.481830042324412,-9.33974859328187,0.611139950281446,0.050529312907482,0.763488412911585
33,2025-06-24 16:10:51.862590,1.85084940703803,-7.4146061709422,0.344879996008515,0.070413142459902,5.92412393366516
34,2025-06-24 16:10:51.864286,3.11951772701264,-6.27136841975662,0.332096145836842,0.10375556225457,5.9921906324418
35,2025-06-24 16:10:51.865705,1.42109147638505,-8.20936356200629,0.484022452796436,0.048166967117899,6.27205999442623
36,2025-06-24 16:10:51.867101,-0.72871046411937,-9.49881448042136,1.56246685987269,0.10841791433112,0.539423436446995
37,2025-06-24 16:10:51.868698,-2.3184557359387,-6.27649347117417,1.70820085327464,0.089875847180273,1.17808840045583
38,2025-06-24 16:10:51.870948,2.03106251904575,-3.91110642901847,1.54069398445058,0.117882579307422,1.14218294207953
39,2025-06-24 16:10:51.876195,-2.69339606413809,-4.03786176050586,1.77481683426068,0.156106450501552,1.19199168787745
40,2025-06-24 16:10:51.879508,2.15511205212817,-7.19171514370077,1.56310903061989,0.098084452753584,0.637885981084779
41,2025-06-24 16:10:51.883093,-2.60703206926841,-5.11835318060066,1.72460979975521,0.147723345959753,1.33599251058554
42,2025-06-24 16:10:51.885062,-1.07061032794828,-7.27411103639911,1.78005260014286,0.116564919711762,0.698501095312835
43,2025-06-24 16:10:51.887472,0.908936203692587,-5.1171955425938,1.7068220747703,0.142386158100928,1.44550034603016
44,2025-06-24 16:10:51.889157,-0.40595161851957,-5.13026888443215,1.76087404051021,0.159335895767164,1.43533601067379
45,2025-06-24 16:10:51.891028,-0.345367496402895,-6.23130223754687,1.653659151839,0.107446774521933,1.35870198677144
46,2025-06-24 16:10:51.893724,-1.46652931693002,-5.13376822402386,1.72114288825376,0.154220805034799,1.35645183837869
47,2025-06-24 16:10:51.896151,-0.084459992354597,-4.10731366719597,1.21846407313577,0.076611798141197,6.2507241771097
48,2025-06-24 16:10:51.898098,2.98134602049708,-4.99596969369738,1.47101935811903,0.088029630783433,1.11850824955395
49,2025-06-24 16:10:51.899543,3.11929181525649,-7.18852891594033,1.57845424488069,0.068385094965704,0.549587564828926
50,2025-06-24 16:10:51.901048,2.35483755723801,-8.96435420843581,1.65703109242786,0.057006772232697,0.840483249215879
51,2025-06-24 16:10:51.902914,-0.51389125628803,-8.54410909257955,1.80320366035781,0.125556049415824,0.613434194849802
52,2025-06-24 16:10:51.904739,-1.20961730760673,-6.25231291087516,1.65560547400658,0.108487580070723,1.22216858273082
53,2025-06-24 16:10:51.906460,2.86925963289611,-6.19112806657095,1.60105337894248,0.101614366791126,1.08627945582546
54,2025-06-24 16:10:51.908361,1.88977567350573,-6.17891739614258,1.5575377002248,0.082344114188463,1.07203876093655
55,2025-06-24 16:10:51.910709,-1.93149397559314,-7.46490916981405,1.77916151763659,0.103598663946417,0.295780481936603
56,2025-06-24 16:10:51.913432,2.99790490319748,-8.96670357215421,1.89632524142375,0.051858276283903,1.110851467
57,2025-06-24 16:10:51.922055,0.889037433196258,-4.11049108398091,1.36130399684764,0,4.77355028460801
58,2025-06-24 16:10:51.931739,0.382567686194755,-8.37097864786321,1.42595915809618,0,4.77355028460801
59,2025-06-24 16:10:51.939836,0.856536391187249,-9.42793698902,1.4137201024399,0,4.77355028460801
60,2025-06-24 16:10:51.946900,0.459182008387149,-7.49366400406998,1.55263950519,0,4.77355028460801
61,2025-06-24 16:10:51.955288,-0.353483714705239,-9.39441078359449,1.49630879284388,0,4.77355028460801
62,2025-06-24 16:10:51.957599,-1.71945869217539,-8.49680974014035,1.7391031529402,0.105874742219478,0.402874212395744
63,2025-06-24 16:10:51.963088,1.85044339487301,-5.17357865354735,1.57456515225569,0.097958289589042,1.47625656440462
64,2025-06-24 16:10:51.964959,0.442399446534879,-9.42255273668748,1.69631341304798,0.09571977835327,0.592888382280677
65,2025-06-24 16:10:51.969165,0.771806558704453,-6.20855923216604,1.64586428322126,0.101071792577874,1.32931988561049
66,2025-06-24 16:10:51.971465,2.98890002081352,-3.87017467122959,1.32139691316516,0.116862557812522,0.819834335151114
67,2025-06-24 16:10:51.974235,2.18374035641265,-8.09112809438066,1.4831581142629,0.08167256339196,0.797613131256739
68,2025-06-24 16:10:51.983472,-0.614483919224931,-7.41852830235224,1.51782702799433,0,2.22649925721875
69,2025-06-24 16:10:51.992271,2.73411468634244,-8.22194523140828,1.34580297755525,0,2.22649925721875
70,2025-06-24 16:10:51.994294,0.011429486265425,-8.28072255293438,1.77572439045607,0.129819058448106,0.754917768306953
71,2025-06-24 16:10:51.996968,-1.6629474448592,-4.10279099531482,1.48684566594523,0.055235806144095,1.16584761921806
72,2025-06-24 16:10:51.999925,-2.24211295945572,-7.44934370559058,-0.206564717044847,0.015954207565815,5.27630775539113
73,2025-06-24 16:10:52.007016,1.19579288680148,-4.66678946549463,-0.620696036626752,0,0.781182668599968
74,2025-06-24 16:10:52.010920,-0.625813692814358,-9.22834865975475,-0.026843817848865,0.010451475165351,3.39605992876572
75,2025-06-24 16:10:52.019330,-1.11432870331072,-6.34346094521389,-0.080751599748334,0,4.53010203778388
76,2025-06-24 16:10:52.021752,2.20137794031501,-4.8449360165144,-0.714191936870945,0.057630883562025,3.79787615031813
77,2025-06-24 16:10:52.028688,-2.39962237309135,-5.28566494407936,-0.068482042435007,0,1.94500949557265
78,2025-06-24 16:10:52.036649,-1.39921440003442,-9.16429307597804,-0.190194591871011,0,0.992788278292288
79,2025-06-24 16:10:52.041998,0.278524527752403,-4.10238639464838,-0.502581280962984,0.07479471085718,3.24486580941516
80,2025-06-24 16:10:52.044691,1.23362611363832,-6.46243316069393,-0.292865426442574,0.011599219070677,3.08719490820315
81,2025-06-24 16:10:52.047245,-2.3599707377376,-6.29245484328877,0.037000548494281,0.055992290715366,0.150159540152746
82,2025-06-24 16:10:52.048771,-1.59010766124218,-7.15902784041495,-0.128525665916912,0.023101159246775,5.97719659011439
83,2025-06-24 16:10:52.056211,1.19281616339716,-8.26300124045032,-0.258804662061786,0,1.22624743370222
84,2025-06-24 16:10:52.058424,-0.656525930767794,-5.27372849811357,-0.357062636039729,0.023506665619343,3.1286943040956
85,2025-06-24 16:10:52.060332,0.268670939056201,-6.30141881703172,-0.247943364072255,0.015379400590389,1.71723825893017
86,2025-06-24 16:10:52.062366,0.448160577399887,-9.21786049886679,-0.276462718559487,0.046410015749391,3.95961017415674
87,2025-06-24 16:10:52.068809,2.2297328982142,-5.6994205741804,-0.42661780383282,0,0.730803669869195
88,2025-06-24 16:10:52.071110,1.53803481494778,-8.55877818292589,-0.342507761012786,0.042473172659083,4.11364016146517
89,2025-06-24 16:10:52.076081,1.38020128754034,-5.51064286204144,-0.544865487286671,0.051475292627127,3.61080597213809
90,2025-06-24 16:10:52.078486,1.07847686838979,-8.27265034742854,-0.330047443766062,0.05973488674945,4.17174134162109
91,2025-06-24 16:10:52.081269,-0.685466388215738,-8.20644617370347,-0.047877496664094,0.008691358365404,1.98357848198971
92,2025-06-24 16:10:52.083270,2.41023403613641,-7.3672708436923,-0.273751679319227,0.033271373269563,4.50876909938551
93,2025-06-24 16:10:52.085830,-1.69009162472029,-4.08641148288671,-0.124988676367989,0,2.27506830861895
94,2025-06-24 16:10:52.092310,-1.06614888892246,-7.09742100618261,-0.188303798888181,0,2.8674594238791
95,2025-06-24 16:10:52.094631,0.264281948062886,-5.32897842273902,-0.480018938207515,0.029535075933391,3.1615732767794
96,2025-06-24 16:10:52.097103,1.98265786429901,-9.38188310163886,-0.578528723908565,0.085700655656971,3.78117734910862
97,2025-06-24 16:10:52.098972,1.81069132340522,-7.23540568863289,-0.228798826804903,0.017683622671835,3.9306523000823
98,2025-06-24 16:10:52.101284,-1.84121849883512,-8.45760993909354,-0.176017613393038,0.024915152108197,3.47877543074912
99,2025-06-24 16:10:52.102912,0.321666619999731,-9.70020961442505,-0.046112618746155,0.039155747033515,3.79601605773366
100,2025-06-24 16:10:52.104597,-0.585611419809989,-6.2496414670077,-0.252039717566814,0.007413437882958,2.94150721567941
101,2025-06-24 16:10:52.105995,0.259336888929196,-9.34787168374232,-0.289434620577784,0.056732044938416,3.69773312589324
102,2025-06-24 16:10:52.107705,2.16925634866927,-6.52784331584616,-0.239052889060781,0.019464078756594,5.19496992347019
103,2025-06-24 16:10:52.109400,0.654952667054654,-7.29433115292952,-0.174247350817844,0.008642349473686,4.93626665997375
104,2025-06-24 16:10:52.111687,-1.90513449807286,-8.14825667945694,-0.311597526368335,0.033462070347387,3.71479356824044
105,2025-06-24 16:10:52.115185,-0.763683360966736,-4.07321367354653,-0.522386614566295,0.045839437672098,3.19540224960348
106,2025-06-24 16:10:52.120270,-1.66433227754142,-5.20316531806436,-0.107152705400658,0,3.00654539361141
107,2025-06-24 16:10:52.122528,-2.62301181534894,-4.18358978182729,-0.018942391216696,0.057668186903279,1.78475413253176
108,2025-06-24 16:10:52.125163,-1.69700376206178,-7.22355988028664,-0.787872842474681,0.087919593095817,3.48016948946084
109,2025-06-24 16:10:52.127276,-1.16180888586886,-9.25848939496223,-0.94642061153149,0.086855194144396,3.91525501588256
110,2025-06-24 16:10:52.129775,-2.10047992754988,-4.68041931129233,-0.78116668100559,0.126279265060744,3.49139535673183
111,2025-06-24 16:10:52.132102,-1.28713547172174,-9.49035355696926,-1.09293925951195,0.094984250969087,4.07280444002319
112,2025-06-24 16:10:52.134000,-2.36417863518306,-6.29576058124415,-0.759866811219502,0.100017991720351,3.41450482932859
113,2025-06-24 16:10:52.141862,0.669655162579148,-5.47395713307976,-0.690693321960987,0,5.77052751228384
114,2025-06-24 16:10:52.152419,0.758168002088414,-4.17523792597627,-0.719784052583176,0,5.77052751228384
115,2025-06-24 16:10:52.154480,-1.0051800915729,-9.11435685878874,-1.032685715874,0.102781319223359,4.10770664406941
116,2025-06-24 16:10:52.155806,0.110103211696702,-9.36848297595888,-1.11977186129036,0.113874711531978,4.29226057432511
117,2025-06-24 16:10:52.157404,1.34249283972629,-8.64128775950185,-1.08828053751373,0.094871409103832,4.33371728377373
118,2025-06-24 16:10:52.162241,1.66923937159695,-4.45267736792762,-0.691156685997136,0.080136593886697,3.08072903174728
119,2025-06-24 16:10:52.164111,2.895304698057,-6.25719298702969,-0.646323613690814,0.074255910478488,3.27401567003401
120,2025-06-24 16:10:52.170740,-0.423650654849246,-4.28104315085866,-0.685312174554529,0,5.74338095564816
121,2025-06-24 16:10:52.180054,0.4552651095957,-7.34115337501946,-0.565835357946396,0,5.74338095564816
122,2025-06-24 16:10:52.186130,0.384081379766723,-9.33853081211895,-0.615506294062341,0,5.74338095564816
123,2025-06-24 16:10:52.191942,1.05880873043862,-8.44519062484606,-0.579663779239412,0,5.74338095564816
124,2025-06-24 16:10:52.199686,-1.33950228286168,-4.42701613476447,-0.631539657927249,0,5.74338095564816
125,2025-06-24 16:10:52.205424,-0.380422049076168,-5.46357159184366,-0.609650691638848,0,5.74338095564816
126,2025-06-24 16:10:52.211634,1.65059511156651,-6.34182612750423,-0.699898792198183,0,5.74338095564816
127,2025-06-24 16:10:52.217464,-0.485951474884525,-6.36515788237905,-0.603616285977121,0,5.74338095564816
128,2025-06-24 16:10:52.223068,1.64356440695638,-7.94043056598059,-0.650823294852685,0,5.74338095564816
129,2025-06-24 16:10:52.224936,-1.70486796079359,-8.27949412264599,-0.893657474469977,0.087730769753061,3.66522947723764
130,2025-06-24 16:10:52.226518,-2.08880649413981,-8.24455942472729,-0.712531638807711,0.064585261255181,3.54018419446041
131,2025-06-24 16:10:52.228341,-0.699983802512156,-7.36646745192193,-0.674146436562706,0.064319158075394,3.4320539965044
0,2025-06-24 16:12:39.172263,2.92921488845752,-4.06660572006734,-0.692674489566833,0.081234005713495,3.23998594582006
1,2025-06-24 16:12:39.174064,2.90742572990389,-5.3088323740578,-0.61541015289945,0.082319442558821,2.9852081187533
134,2025-06-24 16:10:52.241285,-2.2821427065224,-7.27566682381504,-0.782706022588078,0.091386580955448,3.42266606251484
135,2025-06-24 16:10:52.243711,-1.37444162405364,-5.35624201413225,-0.700215994854071,0.089906955521408,3.32556821981724
136,2025-06-24 16:10:52.246115,0.866473180940059,-9.53351349301059,-1.11591398240802,0.104831897896616,4.21885481381205
137,2025-06-24 16:10:52.248117,-1.05010144713062,-8.17307879976083,-0.969208385080182,0.11671890974779,3.8044579211816
138,2025-06-24 16:10:52.249862,-1.10750018138263,-6.36044997209208,-0.728257208292855,0.09981571055626,3.3592965283228
139,2025-06-24 16:10:52.251471,1.91046781472674,-7.28916570667496,-0.656290478141116,0.073133315424501,3.50680375058837
140,2025-06-24 16:10:52.252835,0.873791246035864,-6.33825951234883,-0.631980971500708,0.084603762525126,3.11762474985524
141,2025-06-24 16:10:52.254221,-0.100034645268495,-8.33117713099586,-0.929980041832037,0.099983235883616,4.01470138091319
142,2025-06-24 16:10:52.255996,1.97749951877118,-5.33696694690069,-0.674540206357244,0.078345246066154,3.09699414631053
143,2025-06-24 16:10:52.265872,-2.55156991334127,-5.33555250158833,-0.643674012386129,0,4.82811250421774
144,2025-06-24 16:10:52.274967,-1.27648395116016,-7.38708327939503,-1.11959710473527,0,4.82811250421774
145,2025-06-24 16:10:52.284568,-1.63278348891903,-9.31249367977874,-1.12193818685211,0,4.82811250421774
146,2025-06-24 16:10:52.287582,-1.7387308812721,-4.92961668197515,-1.07980670154031,0.114629160424155,3.12768744541421
147,2025-06-24 16:10:52.289652,-0.904058197132987,-9.65474753040216,-1.30653370966709,0.11011022380844,3.79810775424441
148,2025-06-24 16:10:52.292676,-1.49051630796582,-6.55616786042034,-1.12437492887061,0.122388333576417,3.39308682975674
149,2025-06-24 16:10:52.295521,1.18379909515481,-5.31521596987457,-1.09367393656813,0.110489009266745,3.29085864099242
150,2025-06-24 16:10:52.297372,1.03468102343234,-4.02475770766568,-1.06877452240346,0.130306380451278,3.10284807424071
151,2025-06-24 16:10:52.299429,-0.294886017225626,-9.34255702178497,-1.63409898125371,0.13356716155496,3.91422111444152
152,2025-06-24 16:10:52.301130,2.06853645080491,-9.37309143855696,-1.58330313059348,0.069237417460213,4.204014302207
153,2025-06-24 16:10:52.302609,2.60781271088939,-8.37418439006244,-1.30932904884368,0.0804295332241,3.80275204047822
154,2025-06-24 16:10:52.305191,1.95853832187464,-4.0525282179941,-1.14641152031194,0.116442837809917,3.37465863829787
155,2025-06-24 16:10:52.306767,3.2871379183687,-5.99749598840962,-0.931804289064192,0.109422859867229,3.2021886860397
156,2025-06-24 16:10:52.316429,-0.271808043997386,-4.07976958677618,-1.207179794164,0,0.817696185058331
157,2025-06-24 16:10:52.324211,1.27175082215665,-7.18831045757429,-1.08225756504654,0,0.817696185058331
158,2025-06-24 16:10:52.331168,1.71770451532642,-9.05326886379875,-1.03858782308206,0,0.817696185058331
159,2025-06-24 16:10:52.338556,2.50723337170046,-8.06938045996402,-0.967847267299162,0,0.817696185058331
160,2025-06-24 16:10:52.347244,-1.23325142642853,-4.15794073118966,-1.18572413400909,0,0.817696185058331
161,2025-06-24 16:10:52.355212,-0.352842102373642,-5.45787520178752,-1.13294029035033,0,0.817696185058331
162,2025-06-24 16:10:52.364357,2.05672949526337,-6.152437741272,-1.15831728545351,0,0.817696185058331
163,2025-06-24 16:10:52.371504,-0.220204167030555,-6.35000850970203,-1.11909574709166,0,0.817696185058331
164,2025-06-24 16:10:52.380605,2.90006429503642,-7.15638949159659,-1.10590850860523,0,0.817696185058331
165,2025-06-24 16:10:52.388455,-0.932850677774115,-8.31152055369513,-1.06914477767745,0,0.817696185058331
166,2025-06-24 16:10:52.395993,-1.99100889215321,-8.40509829231403,-1.13216177454983,0,0.817696185058331
167,2025-06-24 16:10:52.402942,-0.307339390984214,-7.26873117196376,-1.08137147789891,0,0.817696185058331
168,2025-06-24 16:10:52.405020,2.97476480943396,-3.92422864200035,-1.11161713938096,0.108308884953528,3.5051576947156
169,2025-06-24 16:10:52.406517,3.06860661293291,-5.20629963540607,-0.952669535330573,0.130933376174726,3.09050215080852
170,2025-06-24 16:10:52.408508,-1.80316984002979,-7.47125005198915,-1.16077623656596,0.116113173479313,3.37093879446656
171,2025-06-24 16:10:52.411593,-0.96640069799428,-5.50532656033029,-1.1512169528249,0.10684973579253,3.24187573683797
172,2025-06-24 16:10:52.414093,2.33951675150488,-9.46129683932318,-1.76194007304321,0.072811288361864,4.31230258240261
173,2025-06-24 16:10:52.421862,-0.296070956951596,-8.305689026075,-0.954529264354859,0,5.2515799018728
174,2025-06-24 16:10:52.431355,-1.11899646500091,-6.41349072967619,-1.04919435862105,0,5.2515799018728
175,2025-06-24 16:10:52.441768,2.13852939264945,-7.17638744476504,-1.07520694477987,0,5.2515799018728
176,2025-06-24 16:10:52.445636,1.12659082328373,-6.24966105504643,-1.05468262024825,0.100869401673802,3.23945614290368
177,2025-06-24 16:10:52.447705,1.497798466109,-8.17278339424322,-1.07277833304215,0.102577599179615,3.61393983140188
178,2025-06-24 16:10:52.449847,2.20563223941261,-5.13115448965485,-1.10238374050892,0.098709855651103,3.33006442695898
179,2025-06-24 16:10:52.458397,-2.15154772546862,-5.52924792444944,-1.06966698560877,0,0.852118588658525
180,2025-06-24 16:10:52.468284,-1.38120603774637,-7.35633286706246,-1.50246775846961,0,0.852118588658525
181,2025-06-24 16:10:52.477098,-1.12707954231933,-9.54483236851933,-1.37171186908087,0,0.852118588658525
182,2025-06-24 16:10:52.480315,-2.35694694362713,-4.54802195647848,-1.61854511472798,0.116717847130785,4.52563022516392
183,2025-06-24 16:10:52.482796,-1.35319236289801,-9.79425220353789,-1.89140137859109,0.070102925190126,3.23387650782709
184,2025-06-24 16:10:52.486269,-1.71047853359363,-6.52246196516343,-1.53678528117045,0.084659647665898,3.63939113317716
185,2025-06-24 16:10:52.488504,0.870921477883636,-5.32532059429846,-1.74019836593928,0.086744485532967,4.91237090931531
186,2025-06-24 16:10:52.490461,0.735296404664102,-4.17288202983126,-1.69606817648507,0.096764217772888,4.52050744364823
187,2025-06-24 16:10:52.493149,0.095124375607681,-9.42454397272128,-1.71354540279343,0.081113263433016,3.72803787857052
188,2025-06-24 16:10:52.496460,1.07450501310028,-9.6003230535157,-1.8167412385836,0.028862251167683,3.87700186254276
189,2025-06-24 16:10:52.499135,2.68977564332427,-8.55102914229525,-1.71830848331242,0.053936476137572,3.5706799940169
190,2025-06-24 16:10:52.502615,1.6618663299252,-4.13690351039223,-1.98027248767079,0.165683534339891,4.818867895354
191,2025-06-24 16:10:52.504401,2.8480027417789,-6.26829885665828,-1.54843898373425,0.057291816956095,3.53547787062246
192,2025-06-24 16:10:52.506371,-0.212584576351325,-4.09933730791247,-1.82641446994528,0.15104108927586,4.64386235843202
193,2025-06-24 16:10:52.508501,1.21639713442993,-7.29443282382162,-1.58950877013228,0.078576491381417,3.53681150706507
194,2025-06-24 16:10:52.510431,1.06648480687918,-9.28922948446965,-1.52254455172369,0.093674448165146,3.7111792941017
195,2025-06-24 16:10:52.512835,2.19761423675232,-8.35945344598649,-1.5309271475309,0.088265463953831,3.459581758844
196,2025-06-24 16:10:52.517003,-1.22656216877228,-4.36385685461529,-1.66555842766997,0.133278782732952,4.68324529643522
197,2025-06-24 16:10:52.518996,-0.26745792294954,-5.41300900409183,-1.74263106189825,0.120755797458554,4.80507907866743
198,2025-06-24 16:10:52.521098,1.98627761505585,-6.33502248570383,-1.67878785522666,0.06597176942919,3.70365765875621
199,2025-06-24 16:10:52.528307,-0.165330051499577,-6.3950649492622,-1.39982097255933,0,5.61849325338719
200,2025-06-24 16:10:52.534955,2.39867716610631,-7.45925247684551,-1.47093024069212,0,5.61849325338719
201,2025-06-24 16:10:52.536627,-0.60835548696159,-8.41771852456266,-1.48378124948137,0.131865194870889,3.33821743434095
202,2025-06-24 16:10:52.537882,-1.05700712163458,-8.67337558144411,-1.48229793050331,0.136465060461859,3.36302209398309
203,2025-06-24 16:10:52.545947,0.16363808370862,-7.29438937280487,-1.30369718439137,0,5.94954749422269
204,2025-06-24 16:10:52.548974,2.56584199757737,-4.5680560929369,-2.05394709300284,0.092375199338229,4.89488169389372
205,2025-06-24 16:10:52.550562,2.80138134811395,-5.25580965490498,-1.7169320318943,0.045170855836594,4.67058801284986
206,2025-06-24 16:10:52.552546,-1.63829296397243,-7.48480083735318,-1.53799246561678,0.12613795141049,3.32320646454392
207,2025-06-24 16:10:52.554174,-1.22925193572198,-5.42257262306563,-1.64579217574965,0.110624354204345,4.73919021476257
208,2025-06-24 16:10:52.555899,1.91893564134806,-9.512681932861,-1.52023283092353,0.065491221094669,3.48506677796308
209,2025-06-24 16:10:52.562973,-0.471920059032719,-8.3233912036073,-1.4945107543239,0,0.514225044789157
210,2025-06-24 16:10:52.569160,-0.943265748655436,-6.51992877572783,-1.43387267579543,0,0.514225044789157
211,2025-06-24 16:10:52.575035,2.11294076812234,-7.25323627503383,-1.47690594041532,0,0.514225044789157
212,2025-06-24 16:10:52.577783,1.00109100152966,-6.35830211627168,-1.53224894146832,0,0.514225044789157
213,2025-06-24 16:10:52.579984,1.07450001007906,-8.28303524805931,-1.50531154347549,0,0.514225044789157
214,2025-06-24 16:10:52.582796,1.63968535722808,-5.39033747932459,-1.77364235152386,0.05430828532774,4.7395720265346
215,2025-06-24 16:10:52.585175,-2.03792058312905,-5.45429177297064,-1.56338418948511,0.099295205016356,4.35630113940206
216,2025-06-24 16:10:52.586903,-0.715872107949887,-7.49132385998159,-1.81890333641358,0.10553687857369,3.01732613069788
217,2025-06-24 16:10:52.588405,-1.16651870268152,-9.44854430859559,-2.09438788438225,0.079542643217097,2.8831947091798
218,2025-06-24 16:10:52.590412,-2.65307840931726,-4.25568903648972,-1.93814611538434,0.09982085076327,4.59356510319492
219,2025-06-24 16:10:52.592661,-1.07400526574935,-9.59685930835208,-2.20082090827744,0.108682504548865,3.73950851409288
220,2025-06-24 16:10:52.594450,-1.84616678618161,-6.54983104350623,-1.94475637220901,0.073510140731551,4.21926980051842
221,2025-06-24 16:10:52.597207,0.582751163834812,-5.38193518937871,-2.17664791367113,0.052467078193844,5.38248023338653
222,2025-06-24 16:10:52.599499,0.381266402971128,-4.46909945598301,-2.23972594730446,0.027983888386379,5.45522378898639
223,2025-06-24 16:10:52.602570,-0.025817898448964,-9.37482770225005,-2.12128369585917,0.056304913124341,3.98323057748041
224,2025-06-24 16:10:52.604889,1.56259915560436,-9.52871881980247,-2.09121524572748,0.028702122833934,2.61278899504913
225,2025-06-24 16:10:52.607132,2.73470232621986,-8.46890852627608,-2.05172281518682,0.029594979200712,3.44042966192674
226,2025-06-24 16:10:52.617950,1.37894663029885,-4.66359474843254,-2.35848932266605,0,1.61735820518368
227,2025-06-24 16:10:52.620987,2.60295837035448,-6.37426197925452,-2.13866753906365,0.033860319622534,6.02948779867924
228,2025-06-24 16:10:52.623856,-0.356466443837655,-4.21200591575038,-2.23737808200469,0.113456533952568,5.10111026312137
229,2025-06-24 16:10:52.626280,0.70841457026144,-7.4218197310504,-2.06036098417359,0.028598576161229,3.56468612751087
230,2025-06-24 16:10:52.628727,0.608508262367654,-9.3512816562492,-2.40904683857947,0.012231597183845,5.44375392862116
231,2025-06-24 16:10:52.635444,1.41202981814003,-8.34757008387527,-2.00571661121761,0,0.439519980899547
232,2025-06-24 16:10:52.637632,-1.37778777193492,-4.74755704503355,-2.0854774182063,0.101548641422282,6.03648760519468
233,2025-06-24 16:10:52.639373,-0.398354469496854,-5.56366754007346,-2.0713609988208,0.039174987509506,6.06970283784256
234,2025-06-24 16:10:52.643906,1.65321163484173,-6.44651188482662,-2.10802579606658,0,3.62130228295445
235,2025-06-24 16:10:52.648510,-0.272110828909532,-6.40185171508791,-2.00576685808327,0.031010533169495,4.85838188784601
236,2025-06-24 16:10:52.651123,2.69432540083454,-7.32159470150442,-2.15558235878969,0.027198504747997,0.072695057004296
237,2025-06-24 16:10:52.657485,-1.19144120043765,-8.43780386337209,-1.97791202882392,0,6.25837661870492
238,2025-06-24 16:10:52.664392,-2.18755423940228,-8.36512746185837,-1.98700808775891,0,6.25837661870492
239,2025-06-24 16:10:52.670574,-0.135687930570525,-7.41948171850502,-1.92301573741764,0,6.25837661870492
240,2025-06-24 16:10:52.672722,2.19374493951488,-4.63003058404409,-2.62185137778232,0.112174325550065,5.23667209774004
241,2025-06-24 16:10:52.674618,2.39567481307922,-5.55228794903304,-2.27409824825985,0.040466778085146,0.079488876840344
242,2025-06-24 16:10:52.677450,-1.8467706536839,-7.56319769958571,-1.93456763614769,0.069801519120151,3.29363056058639
243,2025-06-24 16:10:52.681701,-1.42802993252321,-5.46526461881406,-1.9762638911193,0.049292956378826,5.25030158363325
244,2025-06-24 16:10:52.683998,1.63478650548693,-9.63287319352215,-2.44624825652831,0.064774545914367,5.39121601243255
245,2025-06-24 16:10:52.685649,-0.277420914432928,-8.39015056879713,-2.06038641722925,0.081022062228936,3.33307361505075
246,2025-06-24 16:10:52.687096,-0.978892740486692,-6.49173061422535,-1.9970864056028,0.030655183290944,4.27479399488522
247,2025-06-24 16:10:52.688759,1.52105048846005,-7.41409496858804,-2.30159104241002,0.016012769808868,5.91778322587533
248,2025-06-24 16:10:52.691074,0.772974890066581,-6.38460233412801,-2.11478061614877,0.032625801087645,5.17231051231073
249,2025-06-24 16:10:52.694725,0.785266150680885,-8.3586224723323,-2.13739219332703,0.053943167420854,3.91366773795198
250,2025-06-24 16:10:52.697939,1.51674795779897,-5.47603049066798,-2.18570729071404,0,2.30637571226305
251,2025-06-24 16:10:52.705696,-2.20492688632266,-5.67769980976301,-1.82277849839456,0,2.30637571226305
252,2025-06-24 16:10:52.710367,-1.1275602967147,-7.42138369813529,-2.31087146181488,0.024126413431158,1.11910991138814
253,2025-06-24 16:10:52.715276,-1.6302852587121,-9.19011520261545,-2.63326745376592,0.030911407052994,2.35075551219609
254,2025-06-24 16:10:52.722488,-2.79505498638139,-4.10558378462848,-2.41266076158633,0,2.89525572166856
255,2025-06-24 16:10:52.725201,-1.59287738650097,-9.64393790946544,-2.45534394418569,0.059039049886278,2.76725738758954
256,2025-06-24 16:10:52.728167,-2.08760678273021,-6.52453872777615,-2.30565738324808,0.048256877251671,5.01060186938501
257,2025-06-24 16:10:52.731159,0.439585277486843,-5.49877688914053,-2.5743481433665,0,0.072818523365982
258,2025-06-24 16:10:52.735049,0.254324972462358,-4.66146433754481,-2.5771563985285,0.098333168296843,1.32866175645196
259,2025-06-24 16:10:52.737933,0.386935375442208,-9.33025137472988,-2.57231028748989,0.012085824059637,3.36322039501741
260,2025-06-24 16:10:52.739826,1.99946591848512,-9.27638054203764,-2.50583380839709,0.048366153940133,2.41708105230421
261,2025-06-24 16:10:52.741793,2.10827532814334,-8.42173768282367,-2.44732975025922,0.017852676030654,1.98944726361711
262,2025-06-24 16:10:52.744114,0.986504082774323,-4.81268226943419,-2.86205868666963,0.102994850747721,0.184383566393635
263,2025-06-24 16:10:52.746460,2.31979237251515,-6.4689826318314,-2.56839369702414,0.039293524346659,0.22552873169839
264,2025-06-24 16:10:52.748356,-0.634229099668936,-4.40116767435711,-2.50465756956409,0,5.14007465376513
265,2025-06-24 16:10:52.750867,0.445470990978368,-7.37129020242564,-2.42414809291549,0.023092685198559,0.671697025058762
266,2025-06-24 16:10:52.759036,1.27771890113878,-9.35017647330872,-2.69085780215346,0,2.41190417231431
267,2025-06-24 16:10:52.767415,1.14854792369132,-8.41035555902863,-2.73311178986216,0,2.41190417231431
268,2025-06-24 16:10:52.775198,-1.62132091405513,-4.49080596456672,-2.58731082791734,0,2.50645907379418
269,2025-06-24 16:10:52.777881,-0.439758379304784,-5.63227129218766,-2.41225957342646,0.054460900917251,0.973289953905876
270,2025-06-24 16:10:52.780452,1.25609907006067,-6.4861327801804,-2.522497791455,0.037106881663767,6.01989505837925
271,2025-06-24 16:10:52.782299,-0.487119596886046,-6.4294920278805,-2.52544783364464,0.027315376205968,0.208142269812029
272,2025-06-24 16:10:52.789786,2.39609586342369,-7.41196982032364,-2.58144117173088,0,1.778097372134
273,2025-06-24 16:10:52.792188,-1.19736349579851,-8.29575198867593,-2.27424512514387,0.058951351140581,2.43978129786655
274,2025-06-24 16:10:52.794075,-1.71954005387336,-8.57878840785283,-2.50617434972849,0.031846396931379,2.90414146803947
275,2025-06-24 16:10:52.796348,-0.695249945066989,-7.30675837878621,-2.49396081465683,0,3.51435195997747
276,2025-06-24 16:10:52.802818,2.26709825013812,-4.76364568215514,-2.83483324133037,0,3.51435195997747
277,2025-06-24 16:10:52.809270,2.37417065478083,-5.53589280132323,-2.76202977722666,0,3.51435195997747
278,2025-06-24 16:10:52.812376,-1.90262293082101,-7.51749264858383,-2.21373512761369,0.037688345602719,2.85270059011329
279,2025-06-24 16:10:52.820278,-1.61726955174368,-5.43818993915975,-2.42888369863795,0,2.17600712915399
280,2025-06-24 16:10:52.822400,2.10431652841682,-9.47476065661484,-2.70626259148226,0.012134553518926,1.06125874176139
281,2025-06-24 16:10:52.830518,-0.073915958425667,-8.27712480519829,-2.452563961368,0,1.07479008251579
282,2025-06-24 16:10:52.833945,-1.24097803248611,-6.45710238461998,-2.32618257106402,0.029130067631922,5.79398712583935
283,2025-06-24 16:10:52.835895,1.41237639538034,-7.37684093595998,-2.65816251449923,0.041746765344916,0.129906180316063
284,2025-06-24 16:10:52.842557,0.540646387180003,-6.43789187745224,-2.52512412388032,0,4.09989221165611
285,2025-06-24 16:10:52.849346,0.680768714066974,-8.29697007954702,-2.56184797594524,0,4.34805210562946
286,2025-06-24 16:10:52.855844,1.42679040755185,-5.4587219950162,-2.65004880597043,0,4.34805210562946
287,2025-06-24 16:10:52.858862,-2.54072452148235,-5.53772581120959,-2.25109860418763,0.0311289985966,6.04098571020157
288,2025-06-24 16:10:52.861117,-0.66513507154817,-7.37826602886092,0.119166483605317,0.056752391472339,5.9777463037682
289,2025-06-24 16:10:52.863304,-0.126598346923264,-9.6159990735733,0.151856523990393,0.013127018931943,5.40318344395891
290,2025-06-24 16:10:52.870020,-2.88500765475537,-4.05621086153663,0.262849980965295,0,4.17138853870333
291,2025-06-24 16:10:52.871837,-1.04820052418616,-9.33852658504202,0.266992439276525,0.036779404234142,0.016580533447169
292,2025-06-24 16:10:52.873705,-1.70401026150657,-6.53730583250148,0.297605654924164,0.079528749641204,0.135329296821681
293,2025-06-24 16:10:52.875805,0.87967216523277,-5.20129893041029,0.206024895516606,0.064594937185805,0.208494666819064
294,2025-06-24 16:10:52.877785,0.877935383772866,-4.01877206590857,0.208487352979151,0.079990931988711,0.251400973101013
295,2025-06-24 16:10:52.880567,0.605422704608856,-9.1867495963777,0.247390099715838,0.02482482954735,6.22350619120381
296,2025-06-24 16:10:52.881977,1.64274176092702,-9.27926041084706,0.022775507468242,0.042093125713742,5.09290689052311
297,2025-06-24 16:10:52.883475,1.82210447871883,-8.45850157264508,-0.036583517500873,0.056865825360664,4.84211342656859
298,2025-06-24 16:10:52.887358,1.84632152415382,-4.08217605980859,0.20713699534927,0.083946032422808,0.053473653948586
299,2025-06-24 16:10:52.888780,3.03105352564994,-5.96925403154524,0.130252189885226,0.081627353271411,6.03208756083933
300,2025-06-24 16:10:52.896258,-0.366266801424627,-4.00917625909052,0.145685645835433,0,4.442568437007
301,2025-06-24 16:10:52.904848,0.479660871748589,-7.28834637361598,0.240615540221825,0,4.442568437007
302,2025-06-24 16:10:52.906789,1.18953212497305,-9.20975463399608,0.086235084142405,0.02975286318903,4.94893004608079
303,2025-06-24 16:10:52.908477,1.96692299647935,-8.23522167213216,0.022600100663844,0.055235304699735,5.20176765376047
304,2025-06-24 16:10:52.913580,-1.59363521388329,-4.02967151507407,0.175977613040556,0.088871135027967,6.08302552611826
305,2025-06-24 16:10:52.915581,-0.109566811740217,-5.21505590706259,0.204765673761624,0.074524346549463,0.202256179562255
306,2025-06-24 16:10:52.917649,2.08670221499344,-6.13013881681396,0.094920777760058,0.072869903514954,5.94115856714754
307,2025-06-24 16:10:52.919707,-0.070942696562332,-6.34878288411031,0.163967934866837,0.061808598035567,6.14800812135923
308,2025-06-24 16:10:52.922066,3.09068984974773,-6.87463474340192,0.093007248148624,0.078083744152269,5.84992932161097
309,2025-06-24 16:10:52.924251,-0.551411095051461,-8.48133957821014,0.14100755699917,0.019963354416115,5.65823027919623
310,2025-06-24 16:10:52.926551,-1.25133833656708,-8.51200568347415,0.204344225821301,0.036528198643476,6.16714391793857
311,2025-06-24 16:10:52.928962,0.207103019662929,-7.24462558091307,0.087854282025582,0.058882063563607,5.81851777781912
312,2025-06-24 16:10:52.934584,2.82473771828762,-4.10074033792323,0.204221310365028,0.091782477346836,0.199774702232816
313,2025-06-24 16:10:52.936413,2.82673904123647,-5.06515928270983,0.147276723520906,0.09443485139303,6.21775656282267
314,2025-06-24 16:10:52.938323,-1.39907791513625,-7.66721652208207,0.242008344999881,0.05732200817652,6.24246857804141
315,2025-06-24 16:10:52.940495,-1.23699615528307,-5.26175190273035,0.213439634120117,0.084379402501014,6.22420249150665
316,2025-06-24 16:10:52.946031,1.361677672648,-9.72744324455016,0.07496786005174,0,0.311031993815419
317,2025-06-24 16:10:52.947971,1.01343938815508,-8.33064299845311,0.142842827169081,0.047506553823138,5.44486532933237
318,2025-06-24 16:10:52.949446,-0.824293793735438,-6.38490895679744,0.168763428245089,0.066888822903336,6.24867002580362
319,2025-06-24 16:10:52.950883,1.78625680597047,-7.29380370700779,0.035234643335922,0.064861264640845,5.60104837067655
320,2025-06-24 16:10:52.952580,0.921464043283941,-6.30649451579722,0.130805526750164,0.063826355117034,6.05887211636929
321,2025-06-24 16:10:52.953969,2.14975870792214,-8.01725095629975,0.103698921645467,0.060062685059539,5.49386928975881
322,2025-06-24 16:10:52.957653,1.91876072582624,-5.08954190730149,0.200549029612668,0.075687096953375,0.086188109905407
323,2025-06-24 16:10:52.959782,-2.17883698903511,-5.4091373268855,0.270517562740641,0.085579656245334,6.23720992690966
324,2025-06-24 16:10:52.962879,-1.11554175894681,-7.48221181669308,1.6434133256918,0,2.66770371365422
325,2025-06-24 16:10:52.965121,-0.439054305396077,-9.76243153010253,2.4410909546515,0.092902858527417,1.63346761517971
326,2025-06-24 16:10:52.973234,-2.51047854942617,-4.3501133130071,1.603345637925,0,4.50166323591435
327,2025-06-24 16:10:52.980321,-0.920360820175064,-9.84093530052253,1.79817439461337,0,3.70441325665101
328,2025-06-24 16:10:52.986335,-2.20700637865241,-6.58703796598858,1.68603529319882,0,3.70441325665101
329,2025-06-24 16:10:52.992251,0.812102998328033,-5.36690029237998,1.52959554015264,0,3.70441325665101
330,2025-06-24 16:10:52.997226,0.925389100869933,-4.11210786744873,1.53908707054382,0,3.70441325665101
331,2025-06-24 16:10:52.999778,0.093572462943243,-9.37916224075726,1.84969567946946,0.083490154352361,0.865129250672979
332,2025-06-24 16:10:53.001670,2.52049490812188,-9.09198719491084,1.69041574504724,0.044999710906604,0.721450177026611
333,2025-06-24 16:10:53.003130,3.09557730411585,-8.28245707465438,1.40807528421933,0.056132170737042,6.09173447877254
334,2025-06-24 16:10:53.005306,1.94951295719655,-3.89654996593663,1.70919576990423,0.148245820407768,1.52739403365403
335,2025-06-24 16:10:53.006741,2.97679415683405,-6.16630511285742,1.77368659017223,0.087725192695453,1.39076145207486
336,2025-06-24 16:10:53.009271,-0.188049016792253,-4.00782667901422,1.72062806700769,0.11899859721343,1.52221799628353
337,2025-06-24 16:10:53.011453,1.17280864568073,-7.33538652027153,1.81895574314731,0.085070669596785,0.794374176331985
338,2025-06-24 16:10:53.013253,0.994011888302277,-9.34683751610671,1.8649785425261,0.058272002991276,1.02858084924416
339,2025-06-24 16:10:53.014828,1.94366073418072,-8.37873196564572,1.65077417667357,0.065806220594792,0.755215739606314
340,2025-06-24 16:10:53.022287,-1.48628361972047,-4.22900170720223,1.54808464222581,0,3.76982881691559
341,2025-06-24 16:10:53.029378,-0.254263568704362,-5.40043384520401,1.50989332662375,0,3.76982881691559
342,2025-06-24 16:10:53.035425,1.96151551091734,-6.27058643608454,1.5010708899851,0,3.76982881691559
343,2025-06-24 16:10:53.036860,0.003342187858635,-6.41889328200107,1.59928183589984,0,3.76982881691559
344,2025-06-24 16:10:53.042982,3.04592026361185,-7.20004418404094,1.51039469534365,0,3.76982881691559
345,2025-06-24 16:10:53.049795,-1.15436426761462,-8.54051664092572,1.75075223267418,0,3.76982881691559
346,2025-06-24 16:10:53.055494,-2.01828517750735,-8.56160686916669,1.74108713449915,0,3.76982881691559
347,2025-06-24 16:10:53.062252,-0.292964721200684,-7.47963799932083,1.6696671480904,0,3.76982881691559
348,2025-06-24 16:10:53.070064,2.92075420837929,-4.10551267929137,1.48578837547928,0,3.76982881691559
349,2025-06-24 16:10:53.077464,2.87930704521165,-5.17815360556124,1.46513604052492,0,3.76982881691559
350,2025-06-24 16:10:53.083345,-2.15660777804834,-7.38445330264103,2.06716316297966,0.077876668234028,1.05466616053937
351,2025-06-24 16:10:53.085126,-1.48776055182093,-5.1521562936227,1.79372823793914,0.145186996236372,1.56681428786207
352,2025-06-24 16:10:53.086846,2.04802878735105,-9.7248744357217,1.74054475337686,0.05831141089408,1.53407042133532
353,2025-06-24 16:10:53.088398,0.343159638460428,-8.40864917254179,1.80637409634109,0.070528414951169,0.812332255057001
354,2025-06-24 16:10:53.089900,-1.26886027666873,-6.3066633418494,1.82548835410426,0.089756982212671,1.48463403452294
355,2025-06-24 16:10:53.092173,2.09518897523999,-7.33918357413569,1.85372863276994,0.061170311703503,0.907573133184769
356,2025-06-24 16:10:53.093780,0.906540957466648,-6.26399737709898,1.75990984436527,0.079122468240939,1.36114574709882
357,2025-06-24 16:10:53.095610,1.52389742331099,-8.25808081009172,1.8484805085956,0.077072489343483,0.877671701231861
358,2025-06-24 16:10:53.098070,1.87351518459805,-5.13360401980594,1.70648614391909,0.097147187601067,1.70217485558088
359,2025-06-24 16:10:53.105588,-2.3859995287672,-5.39781011855879,1.50249332104404,0,4.27633492793797
360,2025-06-24 16:10:53.109353,-1.21844726051339,-7.42343470338001,2.39799198372501,0.025244421204107,2.75809414437973
361,2025-06-24 16:10:53.111188,-0.685445104993816,-9.41742919275746,2.91305537853937,0.078783219547255,1.83918459275267
362,2025-06-24 16:10:53.119050,-2.47862775425415,-4.27002446438013,2.25789422239418,0,3.78942702685231
363,2025-06-24 16:10:53.126651,-1.4240705204622,-9.52923695249098,2.53499673836251,0,3.78942702685231
364,2025-06-24 16:10:53.129485,-2.28846845573072,-6.49586791218595,2.39325125545033,0.049376978194869,2.58124489872053
365,2025-06-24 16:10:53.131746,0.637307284467559,-5.27557104146237,2.31156998833577,0.066461395199622,2.18388820772579
366,2025-06-24 16:10:53.133361,0.820877762187531,-4.02908379683404,2.27775106517076,0.07485259288341,2.6038739208722
367,2025-06-24 16:10:53.135571,0.090370534312404,-9.24501307864947,2.71696796591602,0.087835010350575,1.66395781527585
368,2025-06-24 16:10:53.137314,1.98168448957596,-9.25031052554065,2.53587634644994,0.053654228192522,1.93567213577107
369,2025-06-24 16:10:53.145794,2.75456589913735,-8.27729391416357,2.05681057227147,0,1.87660696469173
370,2025-06-24 16:10:53.148205,1.60005484766041,-4.10460618955543,2.18192100312102,0.094018682273941,2.90545093645801
371,2025-06-24 16:10:53.149811,2.7730762985018,-6.31040804225636,2.19236260708404,0.051957568956709,3.19235873873828
372,2025-06-24 16:10:53.152406,-0.561147057784591,-4.23410593198833,2.0712559829305,0.129469509316501,3.36811754819234
373,2025-06-24 16:10:53.154329,0.726353412057306,-7.4434973132134,2.26224106167544,0.01658416777357,3.56884216529875
374,2025-06-24 16:10:53.155661,0.200984187585867,-9.34727929873627,2.28849690277021,0.040470096012552,3.43982379037675
375,2025-06-24 16:10:53.157195,1.29413128216771,-8.37234572381779,2.37789811551181,0.026469373252384,2.94436668185301
376,2025-06-24 16:10:53.162112,-1.43478264008577,-4.20173821855472,2.13665701973983,0,4.45734556173366
377,2025-06-24 16:10:53.165906,-0.602189792722311,-5.30197201221162,2.23839939569848,0.083663752614635,2.63076173451168
378,2025-06-24 16:10:53.172757,1.88994257136796,-6.38984697444869,2.21489374564802,0,1.43739574496709
379,2025-06-24 16:10:53.175632,-0.187799254562718,-6.45248545966774,2.24436837644464,0.04276176525565,3.04024626152361
380,2025-06-24 16:10:53.178429,2.68914628477165,-7.37511817967959,2.15182679623452,0,0.493321696319157
381,2025-06-24 16:10:53.183549,-1.01621119113719,-8.48394235607568,2.46461657140015,0,1.10203718025599
382,2025-06-24 16:10:53.185095,-1.65766371251793,-8.55516937125892,2.27310928038554,0,1.10203718025599
383,2025-06-24 16:10:53.190953,0.019460175547261,-7.39533017565916,2.26722261175047,0,0.829204512875663
384,2025-06-24 16:10:53.194872,2.79523326192831,-4.00805551501961,2.23545122297405,0.087970031402037,2.38464938266941
385,2025-06-24 16:10:53.197435,2.72769770263532,-5.24652340665022,2.16540676763501,0.041635945055647,2.5828749660715
386,2025-06-24 16:10:53.199804,-2.33863166338385,-7.33869253088745,2.43257930901332,0.033364132171923,2.7978130016709
387,2025-06-24 16:10:53.201482,-1.55142521152993,-5.29306358702181,2.19167868674858,0.082035307419315,2.62764595514508
388,2025-06-24 16:10:53.203737,2.59455692125717,-9.1454544930021,2.00330078081181,0.048585681164797,4.68726701021365
389,2025-06-24 16:10:53.213194,-0.054787114419372,-8.43791633841877,2.37895403771443,0,4.55477977368867
390,2025-06-24 16:10:53.220140,-1.10361450298804,-6.48752860996993,2.22019012611578,0,4.55477977368867
391,2025-06-24 16:10:53.222170,1.76705782633244,-7.27564570103299,2.17987595948813,0.009526804550748,3.35911579066104
392,2025-06-24 16:10:53.224716,0.798330478355122,-6.37615502773895,2.26879175611391,0.026332044677588,2.42029829761088
393,2025-06-24 16:10:53.227080,1.04000400561838,-8.22450743909561,2.29761367434857,0.022989617295953,0.959582462874522
394,2025-06-24 16:10:53.233382,1.876312067387,-5.30044649839065,2.15939720109297,0,0.102637605941055
395,2025-06-24 16:10:53.235827,-2.53073727713494,-5.31916479188407,2.22804485826014,0.069077461592641,2.58343703528453
396,2025-06-24 16:10:53.237486,-1.67147673838939,-7.3768762973123,2.69814684943053,0.06549289748994,3.52207610544932
397,2025-06-24 16:10:53.239203,-1.43030985171282,-9.3542650515316,2.79907844753257,0.026407420582569,3.3565423493765
398,2025-06-24 16:10:53.241783,-2.2895168577965,-4.19367956624269,2.94763784348967,0.124299966539987,1.23426116189324
399,2025-06-24 16:10:53.244092,-1.11438060321635,-9.80211732621612,2.95288078936626,0,0.599062594238717
400,2025-06-24 16:10:53.251144,-2.17010510206771,-6.50462167404573,2.82768183514214,0,0.69225768256652
401,2025-06-24 16:10:53.253758,0.677546034165649,-5.52322716097364,2.89630630336003,0.043864085565497,3.00020926387742
402,2025-06-24 16:10:53.255502,0.664258326822573,-4.00811771632664,3.02103530847439,0.166283029969612,1.99429400209894
403,2025-06-24 16:10:53.258454,-0.178483829466286,-9.12735057327122,2.86461894893204,0.074343902453312,1.65433360041231
404,2025-06-24 16:10:53.260105,1.59760253208311,-9.38774023382555,2.8542022127601,0.058246176370217,2.72962569741807
405,2025-06-24 16:10:53.261739,2.66589860460666,-8.49074242019523,2.66281135040188,0.020576437892739,2.34007983662752
406,2025-06-24 16:10:53.266750,1.69152216969564,-4.21700391863583,2.96221560799054,0.124873921056658,2.21724240635285
407,2025-06-24 16:10:53.269156,2.75710278286086,-6.46265793912515,2.7642020013202,0.031742437330026,3.11231417956097
408,2025-06-24 16:10:53.272377,-0.274821525905032,-4.03836214550565,3.02067817211582,0.131455674175489,1.75981299391455
409,2025-06-24 16:10:53.279604,0.86141330517849,-7.48824107716597,2.80695862437786,0,5.93923054086196
410,2025-06-24 16:10:53.285604,1.17306172272598,-9.52124167561209,2.79421441433285,0,5.93923054086196
411,2025-06-24 16:10:53.287171,1.88050363447757,-8.43809753599265,2.7548640701958,0,5.93923054086196
412,2025-06-24 16:10:53.293900,-1.25027112404121,-4.25771879444316,2.80327965400971,0,5.40180917852052
413,2025-06-24 16:10:53.296784,-0.383882350000884,-5.52694716122248,2.83077517298148,0.052230260060134,3.70701837067347
414,2025-06-24 16:10:53.298746,1.77674060642995,-6.44503635035094,2.71444944795159,0.035355219844627,3.51390477054954
415,2025-06-24 16:10:53.300997,-0.316855306052817,-6.47835989515955,2.75989089498004,0.048620607586022,3.29640850433151
416,2025-06-24 16:10:53.305993,3.18222120790797,-7.24063050369188,2.82736430713579,0,5.57677685012331
417,2025-06-24 16:10:53.313878,-1.27611779961063,-8.41172974904233,2.80660693933768,0,5.57677685012331
418,2025-06-24 16:10:53.319416,-1.53764273564358,-8.69448902850243,2.8248215050817,0,5.57677685012331
419,2025-06-24 16:10:53.326943,0.155137135455734,-7.47396730070159,2.88340388689602,0,5.57677685012331
420,2025-06-24 16:10:53.330542,2.75607413534977,-3.98822340411235,3.02537072330537,0.161345181766751,2.21856578391981
421,2025-06-24 16:10:53.332041,2.75249088279513,-5.26729379824618,2.93104347958181,0.073657013796282,2.60396268516578
422,2025-06-24 16:10:53.334083,-2.40283364282209,-7.49640537094762,2.68706825291999,0.070731254894818,3.60213647920443
423,2025-06-24 16:10:53.335562,-1.47918449471608,-5.44575397224863,2.72334980382925,0.054028054654627,3.43054794536178
424,2025-06-24 16:10:53.337754,2.38462380685541,-9.45514255183994,2.38843248401824,0.037368062379845,3.75905647244997
425,2025-06-24 16:10:53.342143,-0.108175685206787,-8.42698339555433,2.92307680069715,0.055486496991711,2.72076905574065
426,2025-06-24 16:10:53.344470,-1.25126117992084,-6.51142671128332,2.76938534062695,0,0.915505287638524
427,2025-06-24 16:10:53.347321,1.65807068595765,-7.45751535695191,2.72362153159285,0.037204152692826,3.36644413194395
428,2025-06-24 16:10:53.349724,0.715108989769291,-6.45944888791025,2.86481311164337,0.031013605061693,3.026306512199
429,2025-06-24 16:10:53.351374,0.478403847158815,-8.44135967226371,2.82817529052324,0.050098863399444,2.59757548467695
430,2025-06-24 16:10:53.353293,1.74151609425327,-5.51042604453254,2.79140904630632,0.028845205448921,2.77946037437181
431,2025-06-24 16:10:53.355354,-2.55377579980211,-5.38951338595078,2.657782659822,0.070058399065116,3.22937788120643
432,2025-06-24 16:10:53.357128,-1.55328559618666,-7.48544029950653,3.23396743765805,0.089916118563721,3.29538131543993
433,2025-06-24 16:10:53.359252,-0.707166378162688,-9.26205813242044,3.63037228718416,0.107643093957579,1.84515225433654
434,2025-06-24 16:10:53.362093,-2.60558498446264,-4.06727480819609,3.28680105336547,0.084429343044356,1.80723066935914
435,2025-06-24 16:10:53.364923,-1.78449712835112,-9.43767197198933,3.44125547789939,0.05014000487036,2.69107026891268
436,2025-06-24 16:10:53.367596,-2.43217628421197,-6.42246010608594,3.17533920982968,0.068463448617318,2.92116784196514
437,2025-06-24 16:10:53.370029,0.689940658995821,-5.39722205027669,3.35495772376948,0.066227854187054,2.93167511986877
438,2025-06-24 16:10:53.372000,0.547500563300525,-4.6166680591774,3.29751171419773,0.095267650950269,3.44927862910282
439,2025-06-24 16:10:53.374463,-0.558169888783067,-9.16114140332053,3.44235810101939,0.088857451469086,2.53251777279047
440,2025-06-24 16:10:53.376947,1.64750579563952,-9.18153397813329,3.41414197908752,0.105739327463993,2.6357472674932
441,2025-06-24 16:10:53.383707,2.61603418756892,-8.46592070708662,3.18869739738333,0.051661209308111,2.68361103739656
442,2025-06-24 16:10:53.392206,1.47457571328831,-4.50872497952827,3.39275919009519,0.142011516640359,2.11251903250024
443,2025-06-24 16:10:53.397084,2.84607906758485,-6.23724138542518,3.25278652700276,0.054450939898126,2.68086757692387
444,2025-06-24 16:10:53.401362,-0.450439258733002,-3.9438349139285,3.44624812744433,0.220362677482714,1.85187544982131
445,2025-06-24 16:10:53.411267,0.885729235082987,-7.52320230411917,3.23514001963036,0,0.769742887762149
446,2025-06-24 16:10:53.418919,0.443069766026447,-9.36333172973482,3.21590951652247,0,0.769742887762149
447,2025-06-24 16:10:53.426309,2.16850654984012,-8.35798531064867,3.27188433769543,0,0.769742887762149
448,2025-06-24 16:10:53.435283,-1.4015366591696,-4.24441569417682,3.23463997299337,0,0.264111449960495
449,2025-06-24 16:10:53.444048,-0.241235312864429,-5.43147270512753,3.3136025880632,0,1.2378398066834
450,2025-06-24 16:10:53.447042,1.63961571300868,-6.31378015059293,3.33119256561439,0.05157001032387,2.71005466850403
451,2025-06-24 16:10:53.449631,-0.242134687789294,-6.45748756949147,3.2212137177653,0.049202628899039,3.19716675054903
452,2025-06-24 16:10:53.451919,3.10847209202412,-7.22115961418155,3.17051268665611,0.032554305120836,3.62356937165714
453,2025-06-24 16:10:53.453863,-1.08762843132851,-8.58226785633089,3.30901747727131,0.087033359822362,3.13489463116423
454,2025-06-24 16:10:53.455262,-2.26766668402594,-8.54879979539418,3.50291643980509,0.067035079148245,2.66057449654785
455,2025-06-24 16:10:53.456866,-0.689321686248945,-7.5239100082451,3.31315600720068,0.082411805381727,3.26094185811723
456,2025-06-24 16:10:53.462148,2.77317059559092,-3.93807744689805,3.386247201348,0.147937883296509,2.18481155697285
457,2025-06-24 16:10:53.464290,2.5560427121603,-5.27038777870887,3.38814966347471,0.116367341622647,2.48544653575327
458,2025-06-24 16:10:53.471099,-2.16874339147886,-7.42328430829683,3.27132686435716,0,1.12514855707164
459,2025-06-24 16:10:53.473075,-1.22271889022978,-5.5213693052412,3.2780673672108,0,1.12514855707164
460,2025-06-24 16:10:53.479860,2.47002480325061,-9.3993682002327,3.10853679516433,0,1.41725043621949
461,2025-06-24 16:10:53.482006,-0.520269409331927,-8.35708931520374,3.15228199200429,0.094198618367622,3.37245188183967
462,2025-06-24 16:10:53.483586,-1.37897917897266,-6.41906614693271,3.244619043046,0.047792545125702,3.10201418780966
463,2025-06-24 16:10:53.485209,1.82746503134246,-7.27266581452764,3.38163805968786,0.057724527774321,2.4591985127657
464,2025-06-24 16:10:53.487427,0.677651349994571,-6.34397103095184,3.33369086025273,0.059903869788139,2.85640522361612
465,2025-06-24 16:10:53.489019,0.533056988019433,-8.36520751630236,3.24894008859972,0.089981903632937,2.85816717567204
466,2025-06-24 16:10:53.500395,1.57551420929551,-5.44126624486581,3.34683380887678,0.06091934675927,2.92196587109935
467,2025-06-24 16:10:53.506802,-2.5884155548146,-5.44318200481562,3.12340555242917,0.095586422573528,3.19781482587437
