,Time Stamp,Tool ID,Tool Position,Tool Direction
0,2023-06-23 15:40:49.439519,2527,"(52.4812, 99.832, -66.8355)","(0.055974, 0.0474412, -0.997304)"
1,2023-06-23 15:40:49.458091,2527,"(53.0511, 101.044, -67.1595)","(0.0613734, 0.0620943, -0.996181)"
2,2023-06-23 15:40:49.490402,2527,"(53.7798, 102.461, -67.3118)","(0.0690047, 0.0806889, -0.994348)"
3,2023-06-23 15:40:49.509237,2527,"(54.2475, 102.884, -67.4904)","(0.0726169, 0.0869557, -0.993562)"
4,2023-06-23 15:40:49.527124,2527,"(53.9258, 101.795, -67.9428)","(0.0684974, 0.0782723, -0.994576)"
5,2023-06-23 15:40:49.541264,2527,"(53.9822, 102.12, -67.9913)","(0.0687785, 0.0816554, -0.994285)"
6,2023-06-23 15:40:49.558728,2527,"(54.0504, 102.572, -67.7438)","(0.0691175, 0.0858622, -0.993907)"
7,2023-06-23 15:40:49.578435,2527,"(54.2593, 102.288, -67.9128)","(0.0705649, 0.0870453, -0.993702)"
8,2023-06-23 15:40:49.591994,2527,"(54.4671, 102.213, -67.9965)","(0.0715792, 0.0882356, -0.993524)"
9,2023-06-23 15:40:49.609091,2527,"(54.5655, 101.743, -67.9074)","(0.0711868, 0.0840717, -0.993914)"
10,2023-06-23 15:40:49.630000,2527,"(55.0282, 102.512, -67.8608)","(0.0787786, 0.101759, -0.991685)"
11,2023-06-23 15:40:49.678313,2527,"(55.0501, 103.097, -67.8789)","(0.0813449, 0.10825, -0.99079)"
12,2023-06-23 15:40:49.695629,2527,"(54.3587, 102.378, -68.0191)","(0.0755926, 0.0959814, -0.992509)"
13,2023-06-23 15:40:49.712446,2527,"(53.8587, 102.272, -67.9817)","(0.0734131, 0.0916041, -0.993086)"
14,2023-06-23 15:40:49.733060,2527,"(53.5608, 103.161, -67.7102)","(0.0776129, 0.10644, -0.991285)"
15,2023-06-23 15:40:49.749265,2527,"(52.8898, 103.006, -67.487)","(0.0756985, 0.103375, -0.991758)"
16,2023-06-23 15:40:49.766510,2527,"(51.8114, 102.152, -67.5281)","(0.0702095, 0.0904083, -0.993427)"
17,2023-06-23 15:40:49.782460,2527,"(50.9787, 101.819, -67.3155)","(0.0672943, 0.0838287, -0.994205)"
18,2023-06-23 15:40:49.799461,2527,"(50.5082, 102.554, -66.6943)","(0.0676437, 0.0917947, -0.993478)"
19,2023-06-23 15:40:49.821402,2527,"(50.3872, 103.146, -66.1337)","(0.0708689, 0.0969455, -0.992763)"
20,2023-06-23 15:40:49.835055,2527,"(49.412, 103.469, -65.5019)","(0.0684935, 0.099501, -0.992677)"
21,2023-06-23 15:40:49.854952,2527,"(48.7376, 103.727, -65.1117)","(0.0700904, 0.102477, -0.992263)"
22,2023-06-23 15:40:49.873239,2527,"(47.9053, 103.615, -64.7356)","(0.0696347, 0.100752, -0.992472)"
23,2023-06-23 15:40:49.887767,2527,"(46.7527, 103.772, -64.5446)","(0.0664837, 0.100835, -0.992679)"
24,2023-06-23 15:40:49.905033,2527,"(45.9657, 104.225, -64.9193)","(0.065345, 0.103611, -0.992469)"
25,2023-06-23 15:40:49.922462,2527,"(45.0653, 104.366, -65.0646)","(0.0638208, 0.104007, -0.992527)"
26,2023-06-23 15:40:49.939846,2527,"(44.3422, 104.487, -64.8484)","(0.0634581, 0.105463, -0.992396)"
27,2023-06-23 15:40:49.957057,2527,"(43.5339, 104.59, -64.7921)","(0.0623508, 0.106145, -0.992394)"
28,2023-06-23 15:40:49.974381,2527,"(42.9874, 104.608, -64.5088)","(0.0623683, 0.106106, -0.992397)"
29,2023-06-23 15:40:49.991564,2527,"(42.2085, 104.685, -64.2676)","(0.0611811, 0.106792, -0.992397)"
30,2023-06-23 15:40:50.007171,2527,"(41.6599, 105.066, -64.0879)","(0.0629023, 0.111088, -0.991818)"
31,2023-06-23 15:40:50.025196,2527,"(40.8942, 105.442, -64.1696)","(0.0620947, 0.114699, -0.991458)"
32,2023-06-23 15:40:50.042878,2527,"(40.053, 105.686, -63.9997)","(0.0605304, 0.117954, -0.991173)"
33,2023-06-23 15:40:50.060551,2527,"(39.1305, 105.517, -63.8789)","(0.0584845, 0.11648, -0.99147)"
34,2023-06-23 15:40:50.077187,2527,"(38.3326, 105.788, -64.2339)","(0.0570691, 0.118445, -0.991319)"
35,2023-06-23 15:40:50.095695,2527,"(37.4014, 105.933, -64.3737)","(0.0559158, 0.119962, -0.991203)"
36,2023-06-23 15:40:50.113267,2527,"(36.4482, 105.77, -64.2224)","(0.0546107, 0.119146, -0.991374)"
37,2023-06-23 15:40:50.130004,2527,"(35.514, 105.839, -64.0496)","(0.0533855, 0.120432, -0.991285)"
38,2023-06-23 15:40:50.147333,2527,"(34.7144, 105.816, -63.6755)","(0.0524815, 0.121161, -0.991244)"
39,2023-06-23 15:40:50.163339,2527,"(33.8583, 105.536, -63.2791)","(0.0513002, 0.119799, -0.991472)"
40,2023-06-23 15:40:50.181910,2527,"(32.9495, 105.14, -62.9182)","(0.0502031, 0.11766, -0.991784)"
41,2023-06-23 15:40:50.199758,2527,"(32.0254, 104.821, -62.626)","(0.0486635, 0.115202, -0.992149)"
42,2023-06-23 15:40:50.216594,2527,"(31.1915, 104.746, -62.4808)","(0.0477118, 0.114497, -0.992277)"
43,2023-06-23 15:40:50.233904,2527,"(30.4784, 104.83, -62.3473)","(0.0469026, 0.115647, -0.992182)"
44,2023-06-23 15:40:50.251157,2527,"(29.8571, 104.921, -62.294)","(0.046448, 0.116886, -0.992059)"
45,2023-06-23 15:40:50.267107,2527,"(29.3704, 104.868, -62.1404)","(0.0464789, 0.116385, -0.992116)"
46,2023-06-23 15:40:50.284870,2527,"(28.8057, 104.777, -61.9821)","(0.0459418, 0.115421, -0.992254)"
47,2023-06-23 15:40:50.303836,2527,"(28.2084, 104.765, -61.8139)","(0.0451153, 0.115036, -0.992336)"
48,2023-06-23 15:40:50.322019,2527,"(27.5938, 104.763, -61.8082)","(0.0441913, 0.114473, -0.992443)"
49,2023-06-23 15:40:50.338402,2527,"(27.0805, 105.003, -61.663)","(0.0436539, 0.116514, -0.992229)"
50,2023-06-23 15:40:50.355694,2527,"(26.5898, 105.197, -61.5809)","(0.0433935, 0.117682, -0.992103)"
51,2023-06-23 15:40:50.373468,2527,"(26.0953, 105.353, -61.5134)","(0.0428834, 0.118093, -0.992076)"
52,2023-06-23 15:40:50.389883,2527,"(25.5787, 105.558, -61.5491)","(0.0421084, 0.118657, -0.992042)"
53,2023-06-23 15:40:50.407681,2527,"(25.0485, 105.684, -61.5632)","(0.0408932, 0.118047, -0.992166)"
54,2023-06-23 15:40:50.424642,2527,"(24.591, 105.868, -61.3954)","(0.0398966, 0.118515, -0.99215)"
55,2023-06-23 15:40:50.441597,2527,"(24.1762, 106.045, -61.224)","(0.0390855, 0.118904, -0.992136)"
56,2023-06-23 15:40:50.457566,2527,"(23.8308, 106.421, -61.0533)","(0.038841, 0.121442, -0.991838)"
57,2023-06-23 15:40:50.476787,2527,"(23.5813, 106.826, -60.9505)","(0.0393002, 0.124431, -0.99145)"
58,2023-06-23 15:40:50.494906,2527,"(23.3033, 106.712, -60.8206)","(0.0384069, 0.122643, -0.991707)"
59,2023-06-23 15:40:50.511511,2527,"(23.0933, 106.565, -60.7048)","(0.0377893, 0.120737, -0.991965)"
60,2023-06-23 15:40:50.528982,2527,"(22.8645, 106.371, -60.5776)","(0.0366878, 0.118519, -0.992274)"
61,2023-06-23 15:40:50.546710,2527,"(22.726, 106.166, -60.4857)","(0.0360226, 0.116339, -0.992556)"
62,2023-06-23 15:40:50.561872,2527,"(22.7322, 106.307, -60.3825)","(0.0363894, 0.117269, -0.992433)"
63,2023-06-23 15:40:50.579133,2527,"(22.7983, 106.434, -60.2888)","(0.0367664, 0.118587, -0.992263)"
64,2023-06-23 15:40:50.596777,2527,"(22.9206, 106.604, -60.1849)","(0.0370216, 0.121, -0.991962)"
65,2023-06-23 15:40:50.614528,2527,"(23.1057, 106.439, -60.2136)","(0.0370409, 0.120512, -0.992021)"
66,2023-06-23 15:40:50.631770,2527,"(23.271, 106.151, -60.4143)","(0.0365532, 0.118052, -0.992334)"
67,2023-06-23 15:40:50.648513,2527,"(23.6199, 106.134, -60.4652)","(0.0364917, 0.118231, -0.992315)"
68,2023-06-23 15:40:50.666245,2527,"(24.0284, 106.093, -60.6424)","(0.0366887, 0.117755, -0.992365)"
69,2023-06-23 15:40:50.683403,2527,"(24.6966, 106.258, -60.7082)","(0.0378533, 0.11967, -0.992092)"
70,2023-06-23 15:40:50.700709,2527,"(25.4708, 106.29, -60.5555)","(0.0395034, 0.120507, -0.991926)"
71,2023-06-23 15:40:50.720972,2527,"(26.2319, 106.066, -60.4823)","(0.0401974, 0.118321, -0.992161)"
72,2023-06-23 15:40:50.736931,2527,"(27.1016, 105.976, -60.5126)","(0.04149, 0.117763, -0.992175)"
73,2023-06-23 15:40:50.754301,2527,"(28.0461, 105.907, -60.379)","(0.0429881, 0.117881, -0.992097)"
74,2023-06-23 15:40:50.772208,2527,"(29.1141, 105.989, -60.3647)","(0.0449026, 0.119606, -0.991805)"
75,2023-06-23 15:40:50.787481,2527,"(30.2491, 106.025, -60.4345)","(0.0470644, 0.120705, -0.991572)"
76,2023-06-23 15:40:50.806077,2527,"(31.3803, 106.028, -60.375)","(0.0490442, 0.121679, -0.991357)"
77,2023-06-23 15:40:50.824705,2527,"(32.416, 105.803, -60.4614)","(0.049779, 0.120015, -0.991523)"
78,2023-06-23 15:40:50.839807,2527,"(33.4276, 105.666, -60.7667)","(0.0506189, 0.119265, -0.991571)"
79,2023-06-23 15:40:50.857019,2527,"(34.4993, 105.705, -61.1383)","(0.0517559, 0.120658, -0.991344)"
80,2023-06-23 15:40:50.874049,2527,"(35.7351, 105.645, -61.3719)","(0.0532104, 0.121641, -0.991147)"
81,2023-06-23 15:40:50.891962,2527,"(36.98, 105.111, -61.2581)","(0.0547057, 0.117866, -0.991521)"
82,2023-06-23 15:40:50.909416,2527,"(38.0439, 104.419, -60.9985)","(0.055246, 0.112192, -0.99215)"
83,2023-06-23 15:40:50.925879,2527,"(39.2001, 104.225, -60.881)","(0.0566955, 0.111227, -0.992176)"
84,2023-06-23 15:40:50.945186,2527,"(40.2729, 104.257, -60.8373)","(0.0580276, 0.112229, -0.991987)"
85,2023-06-23 15:40:50.961408,2527,"(41.2293, 104.272, -61.059)","(0.0595993, 0.11234, -0.991881)"
86,2023-06-23 15:40:50.978154,2527,"(42.0301, 104.218, -61.1853)","(0.0597615, 0.111265, -0.991992)"
87,2023-06-23 15:40:50.995987,2527,"(42.8341, 104.222, -61.1552)","(0.0602257, 0.110285, -0.992074)"
88,2023-06-23 15:40:51.012812,2527,"(43.5365, 104.141, -61.1652)","(0.0605281, 0.108601, -0.992241)"
89,2023-06-23 15:40:51.030165,2527,"(44.156, 104.1, -61.1472)","(0.0604649, 0.107624, -0.992351)"
90,2023-06-23 15:40:51.047741,2527,"(44.6551, 104.034, -60.9053)","(0.0608705, 0.107436, -0.992347)"
91,2023-06-23 15:40:51.066166,2527,"(44.9791, 103.69, -60.6167)","(0.0605269, 0.10426, -0.992707)"
92,2023-06-23 15:40:51.082532,2527,"(45.4521, 103.463, -60.439)","(0.0601309, 0.101769, -0.992989)"
93,2023-06-23 15:40:51.100110,2527,"(45.8074, 103.237, -60.1971)","(0.0598894, 0.0996147, -0.993222)"
94,2023-06-23 15:40:51.119208,2527,"(46.2551, 103.035, -60.1484)","(0.0594547, 0.0969823, -0.993509)"
95,2023-06-23 15:40:51.134644,2527,"(46.532, 102.942, -60.3881)","(0.0596079, 0.095802, -0.993614)"
96,2023-06-23 15:40:51.153127,2527,"(46.789, 102.898, -60.6262)","(0.0596742, 0.095017, -0.993685)"
97,2023-06-23 15:40:51.169459,2527,"(47.0713, 102.907, -60.545)","(0.0586556, 0.095054, -0.993743)"
98,2023-06-23 15:40:51.187285,2527,"(47.3382, 102.874, -60.7014)","(0.0591115, 0.0943795, -0.99378)"
99,2023-06-23 15:40:51.205676,2527,"(47.4994, 103.012, -60.835)","(0.0589337, 0.0955049, -0.993683)"
100,2023-06-23 15:40:51.222428,2527,"(47.7012, 102.938, -60.9516)","(0.0587389, 0.094866, -0.993756)"
101,2023-06-23 15:40:51.239055,2527,"(47.9865, 102.899, -61.054)","(0.059173, 0.0943714, -0.993777)"
102,2023-06-23 15:40:51.257683,2527,"(48.3153, 102.849, -61.0715)","(0.0597018, 0.0938987, -0.99379)"
103,2023-06-23 15:40:51.273870,2527,"(48.5575, 102.91, -61.2775)","(0.0604462, 0.0944208, -0.993696)"
104,2023-06-23 15:40:51.290986,2527,"(48.8959, 103.032, -61.5333)","(0.0616469, 0.0956495, -0.993504)"
105,2023-06-23 15:40:51.308280,2527,"(49.3844, 103.156, -61.841)","(0.0640397, 0.0974891, -0.993174)"
106,2023-06-23 15:40:51.324697,2527,"(49.693, 103.263, -62.1276)","(0.065119, 0.0992141, -0.992933)"
107,2023-06-23 15:40:51.342195,2527,"(50.0877, 103.039, -62.4233)","(0.0659684, 0.099295, -0.992869)"
108,2023-06-23 15:40:51.359831,2527,"(50.5081, 102.724, -62.624)","(0.0667554, 0.0992239, -0.992823)"
109,2023-06-23 15:40:51.377457,2527,"(50.9919, 102.68, -62.9028)","(0.0687095, 0.10003, -0.992609)"
110,2023-06-23 15:40:51.395640,2527,"(51.4847, 102.703, -63.1554)","(0.0706148, 0.101317, -0.992345)"
111,2023-06-23 15:40:51.412521,2527,"(51.8553, 102.674, -63.3695)","(0.0717234, 0.102036, -0.992192)"
112,2023-06-23 15:40:51.429885,2527,"(52.1671, 102.705, -63.5386)","(0.0727986, 0.10395, -0.991915)"
113,2023-06-23 15:40:51.448225,2527,"(52.3598, 102.464, -63.7103)","(0.0727601, 0.102649, -0.992053)"
114,2023-06-23 15:40:51.465704,2527,"(52.4962, 102.383, -63.7801)","(0.0725138, 0.1024, -0.992097)"
115,2023-06-23 15:40:51.482789,2527,"(52.6025, 102.434, -63.8205)","(0.0725921, 0.103425, -0.991985)"
116,2023-06-23 15:40:51.500362,2527,"(52.6297, 102.421, -63.8655)","(0.0725737, 0.103421, -0.991986)"
117,2023-06-23 15:40:51.516327,2527,"(52.6334, 102.513, -63.9048)","(0.072413, 0.10415, -0.991922)"
118,2023-06-23 15:40:51.534366,2527,"(52.5583, 102.523, -63.9661)","(0.0717152, 0.104094, -0.991978)"
119,2023-06-23 15:40:51.551350,2527,"(52.6649, 102.752, -64.0333)","(0.0724327, 0.106196, -0.991704)"
120,2023-06-23 15:40:51.568380,2527,"(52.7975, 102.949, -64.1167)","(0.0734706, 0.107683, -0.991467)"
121,2023-06-23 15:40:51.587056,2527,"(52.7783, 102.793, -64.1857)","(0.0731984, 0.105952, -0.991673)"
122,2023-06-23 15:40:51.604128,2527,"(52.7695, 103.043, -64.2689)","(0.0730509, 0.108232, -0.991438)"
123,2023-06-23 15:40:51.620351,2527,"(52.8171, 103.175, -64.3171)","(0.0734489, 0.10902, -0.991322)"
124,2023-06-23 15:40:51.639158,2527,"(52.7966, 103.095, -64.3071)","(0.0732497, 0.107697, -0.991482)"
125,2023-06-23 15:40:51.656086,2527,"(52.7498, 102.997, -64.2999)","(0.0726387, 0.106342, -0.991673)"
126,2023-06-23 15:40:51.674408,2527,"(52.6055, 102.66, -64.3479)","(0.0709637, 0.102528, -0.992196)"
127,2023-06-23 15:40:51.690037,2527,"(52.5192, 102.479, -64.3151)","(0.0700156, 0.100946, -0.992425)"
128,2023-06-23 15:40:51.707986,2527,"(52.5561, 102.582, -64.3115)","(0.0704501, 0.102543, -0.992231)"
129,2023-06-23 15:40:51.723492,2527,"(52.5078, 102.479, -64.2641)","(0.0700938, 0.101773, -0.992335)"
130,2023-06-23 15:40:51.741291,2527,"(52.5429, 102.448, -64.2375)","(0.0704103, 0.101539, -0.992337)"
131,2023-06-23 15:40:51.759655,2527,"(52.4127, 102.394, -64.201)","(0.069537, 0.101034, -0.99245)"
132,2023-06-23 15:40:51.776903,2527,"(52.53, 102.526, -64.1626)","(0.0706768, 0.102359, -0.992234)"
133,2023-06-23 15:40:51.793901,2527,"(52.4033, 102.605, -64.2205)","(0.0706505, 0.104684, -0.991993)"
134,2023-06-23 15:40:51.811077,2527,"(52.3521, 102.668, -64.1496)","(0.0706971, 0.105642, -0.991888)"
135,2023-06-23 15:40:51.827628,2527,"(52.3317, 102.715, -64.1806)","(0.0711929, 0.106228, -0.99179)"
136,2023-06-23 15:40:51.846459,2527,"(52.2506, 102.52, -64.2011)","(0.0711138, 0.10418, -0.992013)"
137,2023-06-23 15:40:51.864287,2527,"(52.259, 102.589, -64.2411)","(0.0714326, 0.104748, -0.99193)"
138,2023-06-23 15:40:51.881313,2527,"(51.9437, 102.502, -64.2954)","(0.0690783, 0.103398, -0.992238)"
139,2023-06-23 15:40:51.897219,2527,"(51.7637, 102.464, -64.3577)","(0.0682346, 0.102201, -0.992421)"
140,2023-06-23 15:40:51.915368,2527,"(51.6637, 102.594, -64.3216)","(0.0682747, 0.102792, -0.992357)"
141,2023-06-23 15:40:51.933216,2527,"(51.5605, 102.759, -64.4093)","(0.0679609, 0.10402, -0.992251)"
142,2023-06-23 15:40:51.949867,2527,"(51.4626, 102.822, -64.4575)","(0.0683437, 0.105356, -0.992083)"
143,2023-06-23 15:40:51.968444,2527,"(51.4346, 103.041, -64.5157)","(0.0693645, 0.109032, -0.991615)"
144,2023-06-23 15:40:51.985001,2527,"(51.1196, 102.707, -64.7202)","(0.0672988, 0.106297, -0.992054)"
145,2023-06-23 15:40:52.003315,2527,"(51.0336, 102.589, -64.8578)","(0.0667821, 0.105406, -0.992184)"
146,2023-06-23 15:40:52.020358,2527,"(50.9143, 102.283, -65.0871)","(0.0657215, 0.102619, -0.992547)"
147,2023-06-23 15:40:52.037194,2527,"(50.9009, 102.28, -65.1348)","(0.0655651, 0.102592, -0.99256)"
148,2023-06-23 15:40:52.056912,2527,"(51.0029, 102.282, -65.2497)","(0.0662894, 0.102831, -0.992487)"
149,2023-06-23 15:40:52.076362,2527,"(51.0248, 102.269, -65.3802)","(0.0664461, 0.10326, -0.992432)"
150,2023-06-23 15:40:52.090046,2527,"(50.985, 102.212, -65.5279)","(0.0660101, 0.103312, -0.992456)"
151,2023-06-23 15:40:52.106837,2527,"(50.9498, 101.947, -65.7748)","(0.0654271, 0.101797, -0.992651)"
152,2023-06-23 15:40:52.125985,2527,"(50.9576, 101.704, -65.9836)","(0.065236, 0.100073, -0.992839)"
153,2023-06-23 15:40:52.141210,2527,"(51.0765, 101.89, -66.0553)","(0.0661034, 0.101638, -0.992623)"
154,2023-06-23 15:40:52.159984,2527,"(51.0456, 101.899, -66.1658)","(0.065831, 0.101695, -0.992635)"
155,2023-06-23 15:40:52.176061,2527,"(51.0241, 101.91, -66.1913)","(0.0657079, 0.101757, -0.992637)"
156,2023-06-23 15:40:52.194654,2527,"(50.976, 102.011, -66.3093)","(0.0653085, 0.10238, -0.992599)"
157,2023-06-23 15:40:52.210723,2527,"(50.9223, 101.948, -66.4437)","(0.0648389, 0.101694, -0.9927)"
158,2023-06-23 15:40:52.228071,2527,"(50.8569, 101.924, -66.5599)","(0.0642427, 0.10124, -0.992786)"
159,2023-06-23 15:40:52.245241,2527,"(50.9154, 102.03, -66.719)","(0.0645181, 0.101661, -0.992725)"
160,2023-06-23 15:40:52.262383,2527,"(51.0295, 102.314, -66.9129)","(0.0651781, 0.103382, -0.992504)"
161,2023-06-23 15:40:52.279409,2527,"(51.043, 102.426, -67.0452)","(0.0650889, 0.103908, -0.992455)"
162,2023-06-23 15:40:52.296605,2527,"(51.129, 102.586, -67.1975)","(0.0654966, 0.104778, -0.992336)"
163,2023-06-23 15:40:52.314241,2527,"(51.2286, 102.827, -67.3607)","(0.0659987, 0.106294, -0.992142)"
164,2023-06-23 15:40:52.331261,2527,"(51.1926, 102.794, -67.2831)","(0.0656233, 0.105886, -0.992211)"
165,2023-06-23 15:40:52.350163,2527,"(51.2201, 102.977, -67.4353)","(0.0656556, 0.107083, -0.99208)"
166,2023-06-23 15:40:52.365699,2527,"(51.2729, 103.05, -67.56)","(0.0659139, 0.107496, -0.992018)"
167,2023-06-23 15:40:52.383349,2527,"(51.1993, 103.078, -67.7127)","(0.0651656, 0.107466, -0.992071)"
168,2023-06-23 15:40:52.401103,2527,"(51.1078, 103.025, -67.869)","(0.0642578, 0.106811, -0.992201)"
169,2023-06-23 15:40:52.418906,2527,"(51.3898, 103.298, -68.0059)","(0.0663874, 0.10914, -0.991807)"
170,2023-06-23 15:40:52.436190,2527,"(51.4816, 103.513, -68.1185)","(0.0670799, 0.111008, -0.991553)"
171,2023-06-23 15:40:52.452446,2527,"(51.2248, 103.216, -68.4475)","(0.0647809, 0.108634, -0.991969)"
172,2023-06-23 15:40:52.470275,2527,"(51.3054, 103.026, -68.6476)","(0.0652174, 0.107073, -0.99211)"
173,2023-06-23 15:40:52.488227,2527,"(51.1072, 102.955, -68.8149)","(0.0634993, 0.106417, -0.992292)"
174,2023-06-23 15:40:52.505574,2527,"(51.0603, 102.93, -68.9344)","(0.0629397, 0.106078, -0.992364)"
175,2023-06-23 15:40:52.523555,2527,"(50.8904, 102.747, -69.0988)","(0.0613327, 0.104442, -0.992638)"
176,2023-06-23 15:40:52.541015,2527,"(51.0332, 102.87, -69.2857)","(0.0619383, 0.104985, -0.992543)"
177,2023-06-23 15:40:52.557292,2527,"(51.1043, 103.051, -69.4398)","(0.0621237, 0.106205, -0.992402)"
178,2023-06-23 15:40:52.576088,2527,"(51.0623, 102.916, -69.5594)","(0.0614952, 0.104975, -0.992572)"
179,2023-06-23 15:40:52.593302,2527,"(50.9247, 102.726, -69.7152)","(0.0601342, 0.103275, -0.992833)"
180,2023-06-23 15:40:52.613957,2527,"(51.0885, 102.658, -69.8752)","(0.0610836, 0.102314, -0.992875)"
181,2023-06-23 15:40:52.628957,2527,"(51.0889, 103.013, -69.6716)","(0.0612718, 0.106123, -0.992463)"
182,2023-06-23 15:40:52.644746,2527,"(51.2737, 103.34, -69.7621)","(0.0628182, 0.108821, -0.992074)"
183,2023-06-23 15:40:52.661430,2527,"(51.1221, 103.267, -69.9548)","(0.0617618, 0.108145, -0.992215)"
184,2023-06-23 15:40:52.678241,2527,"(50.9322, 103.129, -70.1605)","(0.0603376, 0.106712, -0.992458)"
185,2023-06-23 15:40:52.695169,2527,"(50.3259, 102.5, -68.5568)","(0.0564668, 0.102997, -0.993078)"
186,2023-06-23 15:40:52.713102,2527,"(50.2919, 102.275, -68.9054)","(0.0560609, 0.100637, -0.993342)"
187,2023-06-23 15:40:52.729921,2527,"(50.3835, 102.786, -69.3132)","(0.0564958, 0.103692, -0.993004)"
188,2023-06-23 15:40:52.746989,2527,"(50.6008, 103.266, -69.6873)","(0.0578941, 0.106571, -0.992618)"
189,2023-06-23 15:40:52.764471,2527,"(50.7499, 103.396, -69.9522)","(0.0587482, 0.106961, -0.992526)"
190,2023-06-23 15:40:52.781930,2527,"(50.8298, 103.62, -70.2241)","(0.0589295, 0.108047, -0.992398)"
191,2023-06-23 15:40:52.800988,2527,"(51.1843, 104.108, -70.4858)","(0.0613844, 0.111795, -0.991834)"
192,2023-06-23 15:40:52.819803,2527,"(51.4227, 104.325, -70.7594)","(0.0629159, 0.113343, -0.991562)"
193,2023-06-23 15:40:52.834899,2527,"(51.5497, 104.377, -70.9178)","(0.0636965, 0.113747, -0.991466)"
194,2023-06-23 15:40:52.851926,2527,"(51.5553, 104.45, -71.0674)","(0.0634832, 0.114128, -0.991436)"
195,2023-06-23 15:40:52.873468,2527,"(51.1758, 103.447, -70.7584)","(0.0601933, 0.105978, -0.992545)"
196,2023-06-23 15:40:52.889351,2527,"(51.2283, 103.644, -70.9758)","(0.0600914, 0.106958, -0.992446)"
197,2023-06-23 15:40:52.905191,2527,"(51.4282, 103.947, -71.2201)","(0.061223, 0.108645, -0.992194)"
198,2023-06-23 15:40:52.922663,2527,"(51.4069, 103.902, -71.3539)","(0.0609595, 0.107983, -0.992282)"
199,2023-06-23 15:40:52.940424,2527,"(51.3896, 103.926, -71.4924)","(0.0607869, 0.107636, -0.99233)"
200,2023-06-23 15:40:52.957366,2527,"(51.2704, 103.906, -71.6416)","(0.0598239, 0.106789, -0.99248)"
201,2023-06-23 15:40:52.975145,2527,"(51.2695, 103.863, -71.7316)","(0.0599282, 0.105899, -0.992569)"
202,2023-06-23 15:40:52.991720,2527,"(51.1038, 104.107, -71.923)","(0.0587132, 0.106966, -0.992528)"
203,2023-06-23 15:40:53.008898,2527,"(51.0022, 104.285, -72.0586)","(0.0580451, 0.107879, -0.992468)"
204,2023-06-23 15:40:53.027038,2527,"(51.0589, 104.345, -71.9914)","(0.0590111, 0.108154, -0.992381)"
205,2023-06-23 15:40:53.044115,2527,"(51.0033, 104.539, -72.015)","(0.0594865, 0.109349, -0.992222)"
206,2023-06-23 15:40:53.059720,2527,"(50.8342, 104.592, -72.073)","(0.0586475, 0.110024, -0.992197)"
207,2023-06-23 15:40:53.079099,2527,"(50.7969, 104.16, -71.7843)","(0.0586664, 0.106837, -0.992544)"
208,2023-06-23 15:40:53.095855,2527,"(50.6415, 104.158, -71.8358)","(0.0579852, 0.105275, -0.992751)"
209,2023-06-23 15:40:53.112716,2527,"(50.5372, 104.195, -71.8215)","(0.0574834, 0.104761, -0.992835)"
210,2023-06-23 15:40:53.128783,2527,"(50.5144, 104.352, -71.7219)","(0.0576054, 0.106314, -0.992663)"
211,2023-06-23 15:40:53.149536,2527,"(50.5833, 104.447, -71.4408)","(0.0583342, 0.107319, -0.992512)"
212,2023-06-23 15:40:53.165131,2527,"(50.6393, 104.532, -71.4643)","(0.059292, 0.108149, -0.992365)"
213,2023-06-23 15:40:53.184069,2527,"(50.6315, 104.536, -71.4538)","(0.0592575, 0.108099, -0.992373)"
214,2023-06-23 15:40:53.201725,2527,"(50.6612, 104.297, -71.4717)","(0.0597011, 0.105713, -0.992603)"
215,2023-06-23 15:40:53.220022,2527,"(50.5989, 104.228, -71.476)","(0.0587665, 0.105168, -0.992716)"
216,2023-06-23 15:40:53.235694,2527,"(50.6606, 104.202, -71.2205)","(0.0593048, 0.105106, -0.992691)"
217,2023-06-23 15:40:53.255403,2527,"(50.7198, 104.33, -70.9653)","(0.0598014, 0.106196, -0.992545)"
218,2023-06-23 15:40:53.269265,2527,"(50.7581, 104.493, -71.0566)","(0.0599312, 0.107356, -0.992413)"
219,2023-06-23 15:40:53.291842,2527,"(51.0292, 104.434, -71.1959)","(0.0621227, 0.10684, -0.992334)"
220,2023-06-23 15:40:53.307485,2527,"(51.0104, 104.449, -71.23)","(0.061902, 0.106903, -0.992341)"
221,2023-06-23 15:40:53.322915,2527,"(51.0643, 104.494, -71.2781)","(0.0622707, 0.107637, -0.992238)"
222,2023-06-23 15:40:53.341248,2527,"(51.0692, 104.557, -71.3049)","(0.0621598, 0.108451, -0.992157)"
223,2023-06-23 15:40:53.357067,2527,"(51.1692, 104.685, -71.3683)","(0.0625014, 0.109686, -0.991999)"
224,2023-06-23 15:40:53.375361,2527,"(51.2397, 104.574, -71.442)","(0.0626841, 0.108175, -0.992154)"
225,2023-06-23 15:40:53.397122,2527,"(51.2112, 104.519, -71.4634)","(0.0619309, 0.106772, -0.992353)"
226,2023-06-23 15:40:53.409193,2527,"(51.2175, 104.464, -71.455)","(0.0618446, 0.10581, -0.992461)"
227,2023-06-23 15:40:53.425241,2527,"(51.2996, 104.661, -71.4528)","(0.0621511, 0.107634, -0.992246)"
228,2023-06-23 15:40:53.442590,2527,"(51.3859, 104.813, -71.4942)","(0.0624835, 0.108846, -0.992093)"
229,2023-06-23 15:40:53.459884,2527,"(51.4208, 104.949, -71.5514)","(0.0622829, 0.109758, -0.992005)"
230,2023-06-23 15:40:53.478290,2527,"(51.5561, 105.188, -71.5402)","(0.0634281, 0.112741, -0.991598)"
231,2023-06-23 15:40:53.498737,2527,"(51.6617, 105.201, -71.276)","(0.0642231, 0.112762, -0.991544)"
232,2023-06-23 15:40:53.512527,2527,"(51.6335, 105.167, -71.0667)","(0.0639728, 0.112386, -0.991603)"
233,2023-06-23 15:40:53.534368,2527,"(51.4469, 104.596, -70.8444)","(0.0625451, 0.107812, -0.992202)"
234,2023-06-23 15:40:53.547034,2527,"(51.5106, 104.871, -71.0329)","(0.0626413, 0.108538, -0.992117)"
235,2023-06-23 15:40:53.565125,2527,"(51.5754, 104.754, -71.121)","(0.0631109, 0.107188, -0.992234)"
236,2023-06-23 15:40:53.582269,2527,"(51.6498, 104.598, -71.193)","(0.063728, 0.105655, -0.992359)"
237,2023-06-23 15:40:53.598781,2527,"(51.5992, 104.515, -71.2748)","(0.0635227, 0.104386, -0.992506)"
238,2023-06-23 15:40:53.614783,2527,"(51.5887, 105.009, -71.3755)","(0.0645496, 0.110664, -0.991759)"
239,2023-06-23 15:40:53.633292,2527,"(51.5714, 104.821, -71.4748)","(0.0646206, 0.108682, -0.991974)"
240,2023-06-23 15:40:53.651299,2527,"(51.5845, 105.055, -71.5554)","(0.0642222, 0.110501, -0.991799)"
241,2023-06-23 15:40:53.670068,2527,"(51.5686, 105.008, -71.5465)","(0.0631201, 0.109808, -0.991947)"
242,2023-06-23 15:40:53.687165,2527,"(51.7241, 105.011, -71.5599)","(0.0637672, 0.11028, -0.991853)"
243,2023-06-23 15:40:53.704813,2527,"(51.9061, 105.005, -71.5831)","(0.0650007, 0.111403, -0.991647)"
244,2023-06-23 15:40:53.720714,2527,"(52.1206, 105.068, -71.5263)","(0.0666882, 0.113753, -0.991268)"
245,2023-06-23 15:40:53.738037,2527,"(52.219, 105.215, -71.5593)","(0.0671638, 0.116394, -0.99093)"
246,2023-06-23 15:40:53.755639,2527,"(52.3662, 105.267, -71.5225)","(0.0681003, 0.116972, -0.990798)"
247,2023-06-23 15:40:53.773212,2527,"(52.3252, 105.285, -71.5369)","(0.0674464, 0.117548, -0.990774)"
248,2023-06-23 15:40:53.790994,2527,"(52.3761, 105.35, -71.5134)","(0.0682405, 0.118908, -0.990557)"
249,2023-06-23 15:40:53.807873,2527,"(52.2653, 105.318, -71.5296)","(0.0678005, 0.119483, -0.990519)"
250,2023-06-23 15:40:53.825748,2527,"(52.3085, 105.304, -71.5436)","(0.068313, 0.119197, -0.990518)"
251,2023-06-23 15:40:53.844851,2527,"(52.2427, 105.31, -71.6111)","(0.0678328, 0.118338, -0.990654)"
252,2023-06-23 15:40:53.860534,2527,"(52.3498, 105.212, -71.5636)","(0.0695372, 0.117276, -0.990662)"
253,2023-06-23 15:40:53.880755,2527,"(52.2169, 105.157, -71.597)","(0.0682555, 0.114942, -0.991024)"
254,2023-06-23 15:40:53.895067,2527,"(52.1029, 105.199, -71.5782)","(0.0670541, 0.113811, -0.991237)"
255,2023-06-23 15:40:53.911783,2527,"(52.024, 105.228, -71.5204)","(0.0663361, 0.113385, -0.991334)"
256,2023-06-23 15:40:53.929311,2527,"(51.9796, 105.319, -71.5021)","(0.0658963, 0.114232, -0.991266)"
257,2023-06-23 15:40:53.945735,2527,"(52.0207, 105.258, -71.4985)","(0.0668262, 0.11443, -0.991181)"
258,2023-06-23 15:40:53.962284,2527,"(52.0179, 105.225, -71.5011)","(0.0666967, 0.113508, -0.991296)"
259,2023-06-23 15:40:53.978632,2527,"(52.0244, 105.188, -71.5087)","(0.0671132, 0.114175, -0.991191)"
260,2023-06-23 15:40:53.996019,2527,"(52.0123, 105.317, -71.4867)","(0.0670864, 0.116413, -0.990933)"
261,2023-06-23 15:40:54.013454,2527,"(51.9945, 105.371, -71.4696)","(0.0669528, 0.117022, -0.99087)"
262,2023-06-23 15:40:54.031670,2527,"(51.9745, 105.446, -71.4876)","(0.0664721, 0.11798, -0.990789)"
263,2023-06-23 15:40:54.053102,2527,"(51.9138, 104.952, -71.2498)","(0.066016, 0.114134, -0.991269)"
264,2023-06-23 15:40:54.066907,2527,"(52.0434, 105.095, -71.3424)","(0.0663172, 0.113565, -0.991315)"
265,2023-06-23 15:40:54.084585,2527,"(52.2681, 105.101, -71.3568)","(0.0679681, 0.112591, -0.991314)"
266,2023-06-23 15:40:54.103092,2527,"(52.2716, 105.142, -71.351)","(0.0673783, 0.112757, -0.991336)"
267,2023-06-23 15:40:54.118686,2527,"(52.3355, 105.316, -71.3262)","(0.0673201, 0.114162, -0.991179)"
268,2023-06-23 15:40:54.137144,2527,"(52.4287, 105.295, -71.3041)","(0.0676015, 0.113741, -0.991208)"
269,2023-06-23 15:40:54.154710,2527,"(52.4371, 105.2, -71.295)","(0.0671918, 0.112686, -0.991356)"
270,2023-06-23 15:40:54.173604,2527,"(52.4147, 105.049, -71.0948)","(0.0669988, 0.111561, -0.991497)"
271,2023-06-23 15:40:54.187402,2527,"(52.4145, 105.182, -71.1878)","(0.0664024, 0.112197, -0.991465)"
272,2023-06-23 15:40:54.206551,2527,"(52.6673, 105.253, -71.2738)","(0.0679961, 0.112282, -0.991347)"
273,2023-06-23 15:40:54.223069,2527,"(52.6332, 105.408, -71.329)","(0.0670018, 0.113598, -0.991265)"
274,2023-06-23 15:40:54.240266,2527,"(52.7912, 105.395, -71.3015)","(0.0675162, 0.113116, -0.991285)"
275,2023-06-23 15:40:54.258545,2527,"(52.9626, 105.443, -71.3213)","(0.0680422, 0.113387, -0.991218)"
276,2023-06-23 15:40:54.274432,2527,"(53.0399, 105.5, -71.242)","(0.0681093, 0.11422, -0.991118)"
277,2023-06-23 15:40:54.292580,2527,"(53.0507, 105.608, -71.1772)","(0.0680692, 0.115434, -0.99098)"
278,2023-06-23 15:40:54.308792,2527,"(53.1697, 105.545, -71.1842)","(0.0682483, 0.115129, -0.991003)"
279,2023-06-23 15:40:54.325585,2527,"(53.3804, 105.649, -71.2123)","(0.0694326, 0.116055, -0.990813)"
280,2023-06-23 15:40:54.342652,2527,"(53.5856, 105.919, -71.2789)","(0.0706773, 0.1185, -0.990435)"
281,2023-06-23 15:40:54.360157,2527,"(53.6985, 106.036, -71.2102)","(0.071389, 0.11947, -0.990268)"
282,2023-06-23 15:40:54.378038,2527,"(53.6734, 105.939, -71.1811)","(0.0712251, 0.118676, -0.990375)"
283,2023-06-23 15:40:54.395300,2527,"(53.7217, 105.832, -71.144)","(0.0718119, 0.117755, -0.990443)"
284,2023-06-23 15:40:54.413376,2527,"(53.5706, 105.879, -71.0987)","(0.0706168, 0.118489, -0.990441)"
285,2023-06-23 15:40:54.430418,2527,"(53.4055, 105.805, -71.0822)","(0.0689868, 0.117966, -0.990618)"
286,2023-06-23 15:40:54.448306,2527,"(53.3209, 105.403, -70.947)","(0.0684147, 0.114698, -0.991042)"
287,2023-06-23 15:40:54.468056,2527,"(53.2648, 105.265, -71.011)","(0.0679303, 0.113404, -0.991224)"
288,2023-06-23 15:40:54.482504,2527,"(53.2204, 105.222, -71.0566)","(0.0675013, 0.112682, -0.991336)"
289,2023-06-23 15:40:54.499114,2527,"(53.2886, 105.317, -71.1197)","(0.0680077, 0.112868, -0.99128)"
290,2023-06-23 15:40:54.518109,2527,"(53.1601, 105.33, -71.1912)","(0.066774, 0.112738, -0.991378)"
291,2023-06-23 15:40:54.534647,2527,"(53.2131, 105.382, -71.2307)","(0.0672351, 0.112961, -0.991322)"
292,2023-06-23 15:40:54.553491,2527,"(53.1233, 105.401, -71.2805)","(0.0666481, 0.112978, -0.99136)"
293,2023-06-23 15:40:54.570287,2527,"(53.0051, 105.268, -71.2033)","(0.0660021, 0.111771, -0.99154)"
294,2023-06-23 15:40:54.588287,2527,"(52.9742, 105.384, -71.1158)","(0.0662479, 0.11298, -0.991386)"
295,2023-06-23 15:40:54.604786,2527,"(52.8738, 105.382, -71.0968)","(0.0661174, 0.113184, -0.991372)"
296,2023-06-23 15:40:54.624194,2527,"(52.8609, 105.467, -71.0723)","(0.0666163, 0.113643, -0.991286)"
297,2023-06-23 15:40:54.641880,2527,"(52.8047, 105.335, -71.1057)","(0.0663314, 0.111626, -0.991534)"
298,2023-06-23 15:40:54.658637,2527,"(52.7333, 105.248, -71.0802)","(0.065951, 0.110787, -0.991654)"
299,2023-06-23 15:40:54.674037,2527,"(52.686, 105.136, -71.1078)","(0.0659509, 0.109637, -0.991781)"
300,2023-06-23 15:40:54.690836,2527,"(52.632, 105.139, -71.0621)","(0.0656335, 0.109538, -0.991813)"
301,2023-06-23 15:40:54.710207,2527,"(52.5678, 105.053, -70.9327)","(0.0652451, 0.108824, -0.991917)"
302,2023-06-23 15:40:54.726925,2527,"(52.5122, 105.091, -70.9797)","(0.0648831, 0.108148, -0.992015)"
303,2023-06-23 15:40:54.744917,2527,"(52.4497, 105.227, -70.9668)","(0.0650392, 0.109414, -0.991866)"
304,2023-06-23 15:40:54.762491,2527,"(52.4586, 105.455, -70.9242)","(0.0658608, 0.111382, -0.991593)"
305,2023-06-23 15:40:54.780599,2527,"(52.2674, 105.212, -70.8417)","(0.0644264, 0.108788, -0.991975)"
306,2023-06-23 15:40:54.796366,2527,"(52.346, 105.305, -70.8473)","(0.0660713, 0.110336, -0.991696)"
307,2023-06-23 15:40:54.814833,2527,"(52.2682, 105.069, -70.7706)","(0.0657971, 0.108281, -0.991941)"
308,2023-06-23 15:40:54.832060,2527,"(52.1196, 104.979, -70.7134)","(0.064556, 0.107137, -0.992146)"
309,2023-06-23 15:40:54.848458,2527,"(52.1835, 105.28, -70.6159)","(0.0651318, 0.10996, -0.9918)"
310,2023-06-23 15:40:54.865891,2527,"(52.2176, 105.452, -70.5377)","(0.065282, 0.111476, -0.991621)"
311,2023-06-23 15:40:54.883134,2527,"(52.3045, 105.625, -70.4739)","(0.0660174, 0.112844, -0.991417)"
312,2023-06-23 15:40:54.901689,2527,"(52.3617, 105.636, -70.489)","(0.0663976, 0.112267, -0.991457)"
313,2023-06-23 15:40:54.917625,2527,"(52.275, 105.533, -70.3668)","(0.0657814, 0.11149, -0.991586)"
314,2023-06-23 15:40:54.956889,2527,"(52.2407, 105.371, -70.2084)","(0.0655911, 0.110256, -0.991737)"
315,2023-06-23 15:40:54.972434,2527,"(52.2157, 105.375, -70.2509)","(0.0652539, 0.10979, -0.991811)"
316,2023-06-23 15:40:54.990030,2527,"(52.191, 105.469, -70.2461)","(0.0650208, 0.110138, -0.991787)"
317,2023-06-23 15:40:55.006550,2527,"(52.1937, 105.596, -70.2784)","(0.0649879, 0.111097, -0.991682)"
318,2023-06-23 15:40:55.024805,2527,"(52.2608, 105.483, -70.2057)","(0.0656416, 0.11033, -0.991725)"
319,2023-06-23 15:40:55.041103,2527,"(52.2504, 105.576, -70.2153)","(0.0656042, 0.111286, -0.991621)"
320,2023-06-23 15:40:55.058960,2527,"(52.1138, 105.452, -70.1617)","(0.0642527, 0.109993, -0.991853)"
321,2023-06-23 15:40:55.076025,2527,"(52.2404, 105.502, -70.1198)","(0.0652439, 0.109869, -0.991802)"
322,2023-06-23 15:40:55.093842,2527,"(52.4083, 105.607, -70.1485)","(0.0664465, 0.110303, -0.991674)"
323,2023-06-23 15:40:55.110332,2527,"(52.5172, 105.445, -70.1721)","(0.067788, 0.109504, -0.991672)"
324,2023-06-23 15:40:55.128501,2527,"(52.5171, 105.616, -70.1238)","(0.0673052, 0.110818, -0.991559)"
325,2023-06-23 15:40:55.151733,2527,"(52.5538, 105.654, -70.0899)","(0.0676948, 0.111444, -0.991462)"
326,2023-06-23 15:40:55.163827,2527,"(52.5774, 105.902, -69.9927)","(0.0686472, 0.116404, -0.990827)"
327,2023-06-23 15:40:55.178876,2527,"(52.602, 106.014, -69.9469)","(0.0690381, 0.117854, -0.990628)"
328,2023-06-23 15:40:55.197178,2527,"(52.6595, 106.122, -69.9145)","(0.0694097, 0.118451, -0.990531)"
329,2023-06-23 15:40:55.213483,2527,"(52.6712, 106.066, -69.9469)","(0.0692008, 0.117396, -0.990671)"
330,2023-06-23 15:40:55.231377,2527,"(52.7027, 106.188, -69.9106)","(0.0692338, 0.118312, -0.99056)"
331,2023-06-23 15:40:55.249520,2527,"(52.7443, 106.194, -69.9304)","(0.0699935, 0.119558, -0.990357)"
332,2023-06-23 15:40:55.266476,2527,"(52.7108, 106.028, -69.9587)","(0.0702695, 0.120086, -0.990273)"
333,2023-06-23 15:40:55.285154,2527,"(52.6592, 106.015, -69.9747)","(0.0697445, 0.119922, -0.99033)"
334,2023-06-23 15:40:55.299632,2527,"(52.0865, 105.038, -68.5181)","(0.0659353, 0.113661, -0.991329)"
335,2023-06-23 15:40:55.319145,2527,"(51.8977, 104.402, -68.8529)","(0.0637668, 0.107753, -0.992131)"
336,2023-06-23 15:40:55.337260,2527,"(52.0733, 104.379, -69.0765)","(0.0644393, 0.106559, -0.992216)"
337,2023-06-23 15:40:55.354782,2527,"(52.3525, 104.682, -69.0453)","(0.0650545, 0.106594, -0.992172)"
338,2023-06-23 15:40:55.371518,2527,"(52.4416, 104.94, -69.2329)","(0.0652591, 0.10791, -0.992016)"
339,2023-06-23 15:40:55.390428,2527,"(52.3954, 105.244, -69.3867)","(0.0650117, 0.110103, -0.991792)"
340,2023-06-23 15:40:55.405151,2527,"(52.1016, 105.383, -69.5511)","(0.0643818, 0.112736, -0.991537)"
341,2023-06-23 15:40:55.422897,2527,"(51.4986, 105.41, -69.6124)","(0.0607156, 0.112504, -0.991795)"
342,2023-06-23 15:40:55.439730,2527,"(50.6581, 104.928, -69.2719)","(0.0549396, 0.107521, -0.992684)"
343,2023-06-23 15:40:55.457970,2527,"(49.9692, 104.674, -68.9416)","(0.0507447, 0.104905, -0.993187)"
344,2023-06-23 15:40:55.474336,2527,"(49.4441, 104.376, -68.6393)","(0.0479792, 0.101637, -0.993664)"
345,2023-06-23 15:40:55.504706,2527,"(48.8826, 104.553, -68.4272)","(0.045126, 0.101964, -0.993764)"
346,2023-06-23 15:40:55.509439,2527,"(48.6165, 104.614, -68.2062)","(0.0437407, 0.1021, -0.993812)"
347,2023-06-23 15:40:55.527554,2527,"(48.6495, 104.791, -68.056)","(0.044539, 0.102769, -0.993708)"
348,2023-06-23 15:40:55.546184,2527,"(48.9056, 104.886, -67.9044)","(0.0461722, 0.102221, -0.99369)"
349,2023-06-23 15:40:55.561504,2527,"(49.3522, 105.158, -67.8345)","(0.0478702, 0.10334, -0.993493)"
350,2023-06-23 15:40:55.580272,2527,"(50.0989, 105.61, -68.0429)","(0.0513984, 0.105542, -0.993086)"
351,2023-06-23 15:40:55.597746,2527,"(51.184, 106.163, -68.3561)","(0.057376, 0.108895, -0.992396)"
352,2023-06-23 15:40:55.614148,2527,"(52.2369, 106.683, -68.4605)","(0.062286, 0.111261, -0.991837)"
353,2023-06-23 15:40:55.630700,2527,"(53.1848, 107.24, -68.344)","(0.0668843, 0.1144, -0.991181)"
354,2023-06-23 15:40:55.648699,2527,"(53.6877, 107.365, -67.932)","(0.0694548, 0.11429, -0.991017)"
355,2023-06-23 15:40:55.665294,2527,"(54.0089, 107.613, -67.6476)","(0.0708452, 0.114532, -0.99089)"
356,2023-06-23 15:40:55.682487,2527,"(53.9655, 107.887, -67.424)","(0.0699922, 0.114931, -0.990905)"
357,2023-06-23 15:40:55.700353,2527,"(53.7726, 108.253, -67.1881)","(0.0692868, 0.115685, -0.990866)"
358,2023-06-23 15:40:55.717336,2527,"(53.0611, 107.451, -66.0187)","(0.0649432, 0.109899, -0.991819)"
359,2023-06-23 15:40:55.735327,2527,"(51.8567, 107.568, -66.0046)","(0.0585638, 0.105552, -0.992688)"
360,2023-06-23 15:40:55.750531,2527,"(50.803, 107.181, -64.5435)","(0.0522897, 0.103399, -0.993264)"
361,2023-06-23 15:40:55.769860,2527,"(49.6492, 107.426, -65.469)","(0.0474987, 0.102814, -0.993566)"
362,2023-06-23 15:40:55.786276,2527,"(48.8489, 108.274, -66.3577)","(0.0456575, 0.107171, -0.993192)"
363,2023-06-23 15:40:55.803533,2527,"(48.1003, 109.156, -67.1777)","(0.0447609, 0.112173, -0.99268)"
364,2023-06-23 15:40:55.821833,2527,"(47.3285, 109.98, -67.7621)","(0.0441123, 0.116991, -0.992153)"
365,2023-06-23 15:40:55.840907,2527,"(46.983, 110.517, -68.1747)","(0.0444274, 0.119977, -0.991782)"
366,2023-06-23 15:40:55.855598,2527,"(46.9419, 111.036, -68.3861)","(0.0462139, 0.123511, -0.991267)"
367,2023-06-23 15:40:55.873234,2527,"(47.3038, 111.441, -68.5821)","(0.0492693, 0.12601, -0.990805)"
368,2023-06-23 15:40:55.891534,2527,"(47.8359, 110.683, -68.6804)","(0.0507327, 0.115882, -0.991966)"
369,2023-06-23 15:40:55.907744,2527,"(48.5053, 110.438, -68.0222)","(0.0541214, 0.113499, -0.992063)"
370,2023-06-23 15:40:55.923454,2527,"(49.3806, 110.363, -67.2087)","(0.0583098, 0.113118, -0.991869)"
371,2023-06-23 15:40:55.946859,2527,"(50.4061, 110.621, -66.2759)","(0.0618424, 0.112893, -0.991681)"
372,2023-06-23 15:40:55.961239,2527,"(50.8956, 109.872, -65.6939)","(0.0630613, 0.105259, -0.992443)"
373,2023-06-23 15:40:55.977766,2527,"(51.0552, 109.871, -65.2807)","(0.0617301, 0.102884, -0.992776)"
374,2023-06-23 15:40:55.996389,2527,"(51.2868, 110.626, -64.8096)","(0.0607548, 0.104545, -0.992663)"
375,2023-06-23 15:40:56.010830,2527,"(51.0598, 111.199, -64.5625)","(0.0589612, 0.105636, -0.992655)"
376,2023-06-23 15:40:56.034255,2527,"(50.5469, 112.474, -64.9471)","(0.0567927, 0.114274, -0.991825)"
377,2023-06-23 15:40:56.047584,2527,"(49.8997, 113.559, -65.6308)","(0.0538144, 0.121319, -0.991154)"
378,2023-06-23 15:40:56.063730,2527,"(49.1801, 114.297, -66.131)","(0.0514954, 0.125773, -0.990722)"
379,2023-06-23 15:40:56.082106,2527,"(48.6124, 114.497, -66.6575)","(0.04899, 0.126036, -0.990815)"
380,2023-06-23 15:40:56.098863,2527,"(48.4054, 114.955, -67.0101)","(0.0488814, 0.129124, -0.990423)"
381,2023-06-23 15:40:56.117464,2527,"(48.0254, 114.636, -67.3949)","(0.047435, 0.126128, -0.990879)"
382,2023-06-23 15:40:56.132844,2527,"(48.0078, 114.463, -67.4529)","(0.0479666, 0.125518, -0.990931)"
383,2023-06-23 15:40:56.151066,2527,"(48.2408, 113.904, -67.477)","(0.0483301, 0.121983, -0.991355)"
384,2023-06-23 15:40:56.172078,2527,"(48.7627, 113.592, -67.1206)","(0.0506066, 0.122127, -0.991224)"
385,2023-06-23 15:40:56.185180,2527,"(49.2049, 112.909, -66.5099)","(0.0521601, 0.118439, -0.99159)"
386,2023-06-23 15:40:56.203436,2527,"(49.8753, 112.15, -65.7859)","(0.0544236, 0.113934, -0.991997)"
387,2023-06-23 15:40:56.220595,2527,"(50.6347, 111.468, -65.1642)","(0.0558396, 0.109658, -0.9924)"
388,2023-06-23 15:40:56.238598,2527,"(51.5369, 111.199, -64.8717)","(0.0574156, 0.10833, -0.992456)"
389,2023-06-23 15:40:56.255693,2527,"(52.2001, 111.341, -64.8284)","(0.0596043, 0.112721, -0.991837)"
390,2023-06-23 15:40:56.272205,2527,"(52.5125, 111.494, -64.727)","(0.0607149, 0.113802, -0.991646)"
391,2023-06-23 15:40:56.290711,2527,"(52.3654, 111.374, -64.6001)","(0.059625, 0.112562, -0.991854)"
392,2023-06-23 15:40:56.306514,2527,"(51.9454, 111.268, -64.3472)","(0.0571657, 0.10987, -0.992301)"
393,2023-06-23 15:40:56.324613,2527,"(51.164, 111.75, -64.3906)","(0.0541188, 0.109874, -0.992471)"
394,2023-06-23 15:40:56.342950,2527,"(50.4089, 112.441, -65.0378)","(0.0510151, 0.113339, -0.992246)"
395,2023-06-23 15:40:56.360553,2527,"(49.1557, 111.548, -63.9743)","(0.0433406, 0.106375, -0.993381)"
396,2023-06-23 15:40:56.376260,2527,"(48.2923, 111.728, -64.9166)","(0.039898, 0.105363, -0.993633)"
397,2023-06-23 15:40:56.394233,2527,"(47.0988, 110.856, -63.8207)","(0.033313, 0.0982104, -0.994608)"
398,2023-06-23 15:40:56.412166,2527,"(46.3333, 110.977, -64.7855)","(0.0299807, 0.0971524, -0.994818)"
399,2023-06-23 15:40:56.429218,2527,"(46.2957, 111.842, -65.4678)","(0.032069, 0.102683, -0.994197)"
400,2023-06-23 15:40:56.481965,2527,"(46.947, 112.492, -65.8526)","(0.0378797, 0.107247, -0.993511)"
401,2023-06-23 15:40:56.499846,2527,"(47.7302, 113.379, -66.2865)","(0.0446166, 0.114503, -0.99242)"
402,2023-06-23 15:40:56.514658,2527,"(48.7669, 114.119, -66.7835)","(0.0519714, 0.121682, -0.991208)"
403,2023-06-23 15:40:56.538871,2527,"(49.6031, 114.066, -66.1607)","(0.0572144, 0.122392, -0.990831)"
404,2023-06-23 15:40:56.547853,2527,"(50.1482, 113.86, -65.7118)","(0.0597663, 0.120785, -0.990878)"
405,2023-06-23 15:40:56.567700,2527,"(49.1156, 111.333, -64.7445)","(0.0513295, 0.101222, -0.993539)"
406,2023-06-23 15:40:56.588449,2527,"(49.3762, 112.266, -65.1918)","(0.0520654, 0.10579, -0.993025)"
407,2023-06-23 15:40:56.600874,2527,"(48.6929, 111.809, -64.4181)","(0.0473355, 0.102164, -0.993641)"
408,2023-06-23 15:40:56.618378,2527,"(48.1908, 112.32, -65.1344)","(0.044469, 0.104062, -0.993576)"
409,2023-06-23 15:40:56.618489,2777,"(71.798, 134.915, -114.983)","(-0.10611, 0.99334, 0.0449011)"
410,2023-06-23 15:40:56.636168,2527,"(47.6243, 113.207, -65.9318)","(0.0425767, 0.108856, -0.993145)"
411,2023-06-23 15:40:56.654499,2527,"(46.858, 114.119, -66.6651)","(0.0407253, 0.114444, -0.992595)"
412,2023-06-23 15:40:56.671991,2527,"(46.167, 115.255, -67.5076)","(0.0382699, 0.122681, -0.991708)"
413,2023-06-23 15:40:56.688900,2527,"(45.7542, 116.12, -68.1323)","(0.0375619, 0.12934, -0.990889)"
414,2023-06-23 15:40:56.705876,2527,"(45.6255, 116.784, -68.5141)","(0.0384276, 0.134842, -0.990122)"
415,2023-06-23 15:40:56.724858,2527,"(45.8782, 117.316, -68.6232)","(0.0411454, 0.139342, -0.989389)"
416,2023-06-23 15:40:56.742344,2527,"(46.3199, 117.275, -68.8298)","(0.0456755, 0.140668, -0.989003)"
417,2023-06-23 15:40:56.758177,2527,"(47.1241, 117.161, -68.816)","(0.0511677, 0.14132, -0.988641)"
418,2023-06-23 15:40:56.780461,2527,"(47.0237, 114.747, -67.9594)","(0.0493417, 0.122523, -0.991238)"
419,2023-06-23 15:40:56.793897,2527,"(48.0974, 114.788, -67.7273)","(0.0523128, 0.117679, -0.991673)"
420,2023-06-23 15:40:56.809377,2527,"(48.8893, 115.492, -67.4919)","(0.0557357, 0.121721, -0.990998)"
421,2023-06-23 15:40:56.830385,2527,"(48.5402, 115.098, -66.8249)","(0.0530805, 0.118649, -0.991516)"
422,2023-06-23 15:40:56.846479,2527,"(48.3587, 115.795, -67.1071)","(0.0518302, 0.119854, -0.991438)"
423,2023-06-23 15:40:56.862463,2527,"(48.0842, 116.983, -67.8885)","(0.0507879, 0.126697, -0.99064)"
424,2023-06-23 15:40:56.881729,2527,"(47.0204, 118.246, -68.125)","(0.0475209, 0.133322, -0.989933)"
425,2023-06-23 15:40:56.898767,2527,"(45.8646, 119.336, -68.3497)","(0.0444076, 0.138912, -0.989309)"
426,2023-06-23 15:40:56.915186,2527,"(44.7036, 120.174, -68.6569)","(0.0414506, 0.142639, -0.988906)"
427,2023-06-23 15:40:56.933937,2527,"(43.508, 120.647, -68.9779)","(0.0384916, 0.143346, -0.988924)"
428,2023-06-23 15:40:56.950137,2527,"(42.4298, 121.069, -69.5725)","(0.0352731, 0.144124, -0.988931)"
429,2023-06-23 15:40:56.968233,2527,"(41.2501, 121.365, -69.8573)","(0.0319694, 0.144467, -0.988993)"
430,2023-06-23 15:40:56.986662,2527,"(40.1656, 119.779, -68.8834)","(0.0250051, 0.132646, -0.990848)"
431,2023-06-23 15:40:57.002873,2527,"(39.9829, 120.064, -69.3046)","(0.0247898, 0.133608, -0.990724)"
432,2023-06-23 15:40:57.022637,2527,"(40.1077, 120.561, -69.5583)","(0.0267852, 0.136665, -0.990255)"
433,2023-06-23 15:40:57.040746,2527,"(40.5393, 121.03, -69.7791)","(0.0304824, 0.140223, -0.989651)"
434,2023-06-23 15:40:57.054201,2527,"(41.215, 121.289, -69.8038)","(0.0342735, 0.143017, -0.989127)"
435,2023-06-23 15:40:57.071920,2527,"(42.1272, 121.549, -69.6547)","(0.037839, 0.146166, -0.988536)"
436,2023-06-23 15:40:57.088225,2527,"(43.2026, 121.563, -69.2483)","(0.0416069, 0.146487, -0.988337)"
437,2023-06-23 15:40:57.106585,2527,"(44.488, 121.643, -68.8993)","(0.0458368, 0.147254, -0.988036)"
438,2023-06-23 15:40:57.123108,2527,"(45.8373, 121.735, -68.6014)","(0.0503264, 0.147797, -0.987737)"
439,2023-06-23 15:40:57.140917,2527,"(46.8767, 121.947, -69.1643)","(0.0547336, 0.148138, -0.987451)"
440,2023-06-23 15:40:57.157578,2527,"(47.6047, 122.401, -69.4178)","(0.0575457, 0.151024, -0.986854)"
441,2023-06-23 15:40:57.174534,2527,"(47.5007, 122.527, -69.1309)","(0.0566519, 0.151782, -0.986789)"
442,2023-06-23 15:40:57.192501,2527,"(46.9689, 122.524, -68.7785)","(0.0535503, 0.150075, -0.987223)"
443,2023-06-23 15:40:57.209497,2527,"(46.0106, 122.858, -68.5214)","(0.0499858, 0.149031, -0.987568)"
444,2023-06-23 15:40:57.227016,2527,"(44.7711, 123.126, -68.7271)","(0.0459345, 0.146823, -0.988096)"
445,2023-06-23 15:40:57.243718,2527,"(43.341, 123.578, -69.3298)","(0.0407186, 0.146612, -0.988356)"
446,2023-06-23 15:40:57.262313,2527,"(41.8164, 124.196, -69.9781)","(0.0357135, 0.148178, -0.988316)"
447,2023-06-23 15:40:57.279159,2527,"(40.2597, 124.756, -70.548)","(0.030739, 0.149646, -0.988262)"
448,2023-06-23 15:40:57.296197,2527,"(39.0093, 125.171, -71.1246)","(0.0268979, 0.150569, -0.988234)"
449,2023-06-23 15:40:57.313368,2527,"(38.2352, 125.618, -71.6052)","(0.0247553, 0.152777, -0.987951)"
450,2023-06-23 15:40:57.330297,2527,"(37.9059, 125.745, -71.8161)","(0.0246167, 0.152965, -0.987925)"
451,2023-06-23 15:40:57.349747,2527,"(38.0233, 125.682, -71.826)","(0.0261087, 0.151923, -0.988047)"
452,2023-06-23 15:40:57.364874,2527,"(38.6275, 125.707, -71.5219)","(0.0293436, 0.152641, -0.987846)"
453,2023-06-23 15:40:57.383771,2527,"(38.8537, 124.13, -70.7645)","(0.0299613, 0.141027, -0.989552)"
454,2023-06-23 15:40:57.401237,2527,"(40.2636, 124.022, -70.4457)","(0.0345216, 0.138133, -0.989812)"
455,2023-06-23 15:40:57.416857,2527,"(41.6866, 124.065, -69.9288)","(0.0397711, 0.138126, -0.989616)"
456,2023-06-23 15:40:57.438510,2527,"(42.9656, 124.105, -69.3384)","(0.0441174, 0.13726, -0.989552)"
457,2023-06-23 15:40:57.455907,2527,"(43.864, 124.184, -68.8128)","(0.0468572, 0.136584, -0.98952)"
458,2023-06-23 15:40:57.472492,2527,"(44.3737, 124.378, -68.5465)","(0.0484613, 0.136466, -0.989459)"
459,2023-06-23 15:40:57.483943,2527,"(44.2709, 124.71, -68.6946)","(0.0479589, 0.137255, -0.989374)"
460,2023-06-23 15:40:57.504147,2527,"(43.6065, 125.306, -69.0933)","(0.0452322, 0.139753, -0.989153)"
461,2023-06-23 15:40:57.522327,2527,"(42.4865, 126.109, -69.7164)","(0.0408606, 0.144263, -0.988695)"
462,2023-06-23 15:40:57.541712,2527,"(40.8836, 126.281, -70.065)","(0.0350401, 0.143375, -0.989048)"
463,2023-06-23 15:40:57.554992,2527,"(39.4383, 126.528, -70.7879)","(0.0296865, 0.143819, -0.989159)"
464,2023-06-23 15:40:57.574637,2527,"(38.1681, 126.846, -71.4925)","(0.0253856, 0.145337, -0.989056)"
465,2023-06-23 15:40:57.591056,2527,"(37.1323, 126.818, -72.1344)","(0.0221256, 0.144421, -0.989269)"
466,2023-06-23 15:40:57.606799,2527,"(36.5352, 126.787, -72.5776)","(0.020732, 0.143907, -0.989374)"
467,2023-06-23 15:40:57.627319,2527,"(36.3507, 126.635, -72.839)","(0.0211672, 0.143369, -0.989443)"
468,2023-06-23 15:40:57.642454,2527,"(36.5786, 126.463, -72.9506)","(0.0236278, 0.143527, -0.989364)"
469,2023-06-23 15:40:57.660347,2527,"(37.2376, 126.358, -72.6251)","(0.0276048, 0.144524, -0.989116)"
470,2023-06-23 15:40:57.678558,2527,"(38.1792, 126.227, -72.1705)","(0.0321325, 0.145098, -0.988895)"
471,2023-06-23 15:40:57.695984,2527,"(39.3079, 125.976, -71.6387)","(0.0370453, 0.143982, -0.988887)"
472,2023-06-23 15:40:57.714511,2527,"(40.4973, 125.886, -71.3318)","(0.04145, 0.143333, -0.988806)"
473,2023-06-23 15:40:57.729705,2527,"(41.3474, 125.678, -70.8623)","(0.0445843, 0.141191, -0.988978)"
474,2023-06-23 15:40:57.745433,2527,"(41.8297, 125.561, -70.5147)","(0.0460331, 0.139463, -0.989157)"
475,2023-06-23 15:40:57.764661,2527,"(41.6312, 124.79, -70.0421)","(0.0442837, 0.133655, -0.990038)"
476,2023-06-23 15:40:57.781738,2527,"(41.5499, 125.158, -70.3207)","(0.04304, 0.133963, -0.990051)"
477,2023-06-23 15:40:57.799605,2527,"(41.1898, 125.706, -70.4236)","(0.0412737, 0.134533, -0.990049)"
478,2023-06-23 15:40:57.816973,2527,"(40.5968, 126.088, -70.6916)","(0.039057, 0.134718, -0.990114)"
479,2023-06-23 15:40:57.835561,2527,"(39.8231, 126.222, -71.1788)","(0.0357932, 0.133455, -0.990408)"
480,2023-06-23 15:40:57.849410,2527,"(39.0162, 126.543, -71.7606)","(0.0325358, 0.134229, -0.990416)"
481,2023-06-23 15:40:57.867730,2527,"(38.4116, 127.109, -72.3056)","(0.0305745, 0.137595, -0.990017)"
482,2023-06-23 15:40:57.884125,2527,"(38.013, 127.345, -72.6593)","(0.0294814, 0.138834, -0.989877)"
483,2023-06-23 15:40:57.903783,2527,"(37.9041, 127.018, -72.8685)","(0.0297531, 0.13543, -0.99034)"
484,2023-06-23 15:40:57.919964,2527,"(38.3303, 126.575, -72.6121)","(0.0323881, 0.132001, -0.99072)"
485,2023-06-23 15:40:57.937542,2527,"(39.3393, 126.619, -72.5058)","(0.0371317, 0.133867, -0.990303)"
486,2023-06-23 15:40:57.955309,2527,"(40.6143, 126.581, -72.1911)","(0.0425014, 0.134807, -0.98996)"
487,2023-06-23 15:40:57.973223,2527,"(41.7455, 126.351, -71.4832)","(0.0470283, 0.133542, -0.989927)"
488,2023-06-23 15:40:57.991057,2527,"(42.8892, 126.064, -70.8968)","(0.0505373, 0.130767, -0.990124)"
489,2023-06-23 15:40:58.004560,2527,"(43.696, 125.753, -70.3036)","(0.0531122, 0.12775, -0.990383)"
490,2023-06-23 15:40:58.025788,2527,"(44.1297, 125.606, -69.9174)","(0.05392, 0.125774, -0.990592)"
491,2023-06-23 15:40:58.046038,2527,"(44.1153, 125.477, -70.0935)","(0.0530642, 0.123835, -0.990883)"
492,2023-06-23 15:40:58.059980,2527,"(43.8595, 125.895, -70.3407)","(0.0511391, 0.124633, -0.990884)"
493,2023-06-23 15:40:58.076988,2527,"(43.2151, 126.492, -70.6609)","(0.048373, 0.126731, -0.990757)"
494,2023-06-23 15:40:58.093904,2527,"(42.2675, 127.144, -71.0927)","(0.0447419, 0.12948, -0.990572)"
495,2023-06-23 15:40:58.112572,2527,"(41.0608, 127.481, -71.2579)","(0.0410982, 0.129781, -0.990691)"
496,2023-06-23 15:40:58.129431,2527,"(39.8984, 127.906, -71.852)","(0.0367933, 0.131573, -0.990623)"
497,2023-06-23 15:40:58.145545,2527,"(38.8949, 128.341, -72.4282)","(0.0337769, 0.1338, -0.990433)"
498,2023-06-23 15:40:58.162630,2527,"(38.0049, 128.777, -72.8111)","(0.0318068, 0.136523, -0.990126)"
499,2023-06-23 15:40:58.180992,2527,"(37.3259, 128.907, -72.9939)","(0.0303506, 0.136596, -0.990162)"
500,2023-06-23 15:40:58.195438,2527,"(37.1224, 129.095, -73.1556)","(0.0301289, 0.137725, -0.990012)"
501,2023-06-23 15:40:58.214932,2527,"(37.2581, 129.259, -73.0383)","(0.0313726, 0.13892, -0.989807)"
502,2023-06-23 15:40:58.233386,2527,"(37.8461, 129.592, -72.8052)","(0.0345309, 0.141696, -0.989308)"
503,2023-06-23 15:40:58.250448,2527,"(38.6619, 129.723, -72.3645)","(0.0383124, 0.141974, -0.989129)"
504,2023-06-23 15:40:58.268325,2527,"(39.6598, 129.876, -71.8727)","(0.0421729, 0.142036, -0.988963)"
505,2023-06-23 15:40:58.283108,2527,"(40.6719, 130.153, -71.4398)","(0.0456916, 0.142026, -0.988808)"
506,2023-06-23 15:40:58.301908,2527,"(41.414, 130.45, -70.8294)","(0.0491073, 0.14293, -0.988514)"
507,2023-06-23 15:40:58.319269,2527,"(41.6352, 130.558, -70.4275)","(0.0496457, 0.142117, -0.988604)"
508,2023-06-23 15:40:58.337127,2527,"(41.5794, 131.311, -70.0863)","(0.0482868, 0.144406, -0.98834)"
509,2023-06-23 15:40:58.354186,2527,"(41.1215, 131.911, -70.4487)","(0.0452771, 0.145059, -0.988386)"
510,2023-06-23 15:40:58.371724,2527,"(40.3787, 132.222, -70.0738)","(0.0416496, 0.142734, -0.988884)"
511,2023-06-23 15:40:58.386438,2527,"(39.519, 132.843, -69.9672)","(0.0389645, 0.142812, -0.988983)"
512,2023-06-23 15:40:58.405137,2527,"(38.6217, 133.126, -70.4104)","(0.0354393, 0.140802, -0.989403)"
513,2023-06-23 15:40:58.424807,2527,"(37.6532, 133.493, -70.61)","(0.0326884, 0.139539, -0.989677)"
514,2023-06-23 15:40:58.441071,2527,"(36.9266, 133.928, -71.1014)","(0.0300372, 0.140387, -0.989641)"
515,2023-06-23 15:40:58.457807,2527,"(36.4376, 134.236, -71.5155)","(0.0286196, 0.140849, -0.989617)"
516,2023-06-23 15:40:58.472806,2527,"(36.1034, 134.486, -71.7627)","(0.0278986, 0.1413, -0.989574)"
517,2023-06-23 15:40:58.493223,2527,"(35.9301, 134.438, -71.824)","(0.0275296, 0.139024, -0.989906)"
518,2023-06-23 15:40:58.509217,2527,"(35.94, 133.999, -71.5295)","(0.0274694, 0.135832, -0.990351)"
519,2023-06-23 15:40:58.528471,2527,"(36.3331, 134.067, -71.142)","(0.0292369, 0.136305, -0.990235)"
520,2023-06-23 15:40:58.545664,2527,"(37.1102, 134.005, -70.6615)","(0.0324171, 0.135899, -0.990192)"
521,2023-06-23 15:40:58.562334,2527,"(37.9594, 134.263, -70.1933)","(0.0349113, 0.138611, -0.989731)"
522,2023-06-23 15:40:58.579210,2527,"(38.896, 134.491, -69.7514)","(0.0375927, 0.141068, -0.989286)"
523,2023-06-23 15:40:58.596544,2527,"(39.9427, 134.671, -69.7166)","(0.0406432, 0.142488, -0.988962)"
524,2023-06-23 15:40:58.613368,2527,"(40.7742, 134.784, -69.3225)","(0.043314, 0.143905, -0.988643)"
525,2023-06-23 15:40:58.631140,2527,"(41.4944, 134.951, -68.9526)","(0.04598, 0.146085, -0.988203)"
526,2023-06-23 15:40:58.647180,2527,"(41.9012, 135.191, -68.6896)","(0.0475501, 0.148496, -0.987769)"
527,2023-06-23 15:40:58.664375,2527,"(41.9085, 135.479, -68.7398)","(0.0469837, 0.150562, -0.987483)"
528,2023-06-23 15:40:58.681192,2527,"(41.583, 135.726, -68.8535)","(0.044959, 0.151716, -0.987401)"
529,2023-06-23 15:40:58.700135,2527,"(41.0773, 135.846, -68.6888)","(0.0426194, 0.151756, -0.987499)"
530,2023-06-23 15:40:58.720415,2527,"(40.3628, 135.567, -68.6047)","(0.0393101, 0.14787, -0.988225)"
531,2023-06-23 15:40:58.735437,2527,"(39.5139, 135.3, -68.7282)","(0.0356223, 0.144118, -0.988919)"
532,2023-06-23 15:40:58.754203,2527,"(38.6409, 134.626, -68.8649)","(0.0322418, 0.137362, -0.989996)"
533,2023-06-23 15:40:58.771428,2527,"(37.7751, 133.977, -68.8654)","(0.0282922, 0.131499, -0.990912)"
534,2023-06-23 15:40:58.788512,2527,"(37.2117, 132.772, -68.3432)","(0.0251749, 0.122336, -0.992169)"
535,2023-06-23 15:40:58.803046,2527,"(36.9544, 132.013, -68.2116)","(0.0239016, 0.116282, -0.992929)"
536,2023-06-23 15:40:58.821843,2527,"(37.015, 131.801, -68.2704)","(0.023444, 0.11603, -0.992969)"
537,2023-06-23 15:40:58.839418,2527,"(37.449, 131.852, -68.4655)","(0.0252303, 0.118012, -0.992692)"
538,2023-06-23 15:40:58.857031,2527,"(38.1318, 132.498, -68.9389)","(0.0288886, 0.124219, -0.991834)"
539,2023-06-23 15:40:58.872288,2527,"(39.17, 132.87, -69.3648)","(0.0336278, 0.130415, -0.990889)"
540,2023-06-23 15:40:58.890685,2527,"(40.2768, 132.911, -68.9667)","(0.0385554, 0.134566, -0.990154)"
541,2023-06-23 15:40:58.909712,2527,"(41.2965, 133.038, -68.793)","(0.0430591, 0.138411, -0.989438)"
542,2023-06-23 15:40:58.926956,2527,"(41.9732, 133.462, -68.661)","(0.0461318, 0.144232, -0.988468)"
543,2023-06-23 15:40:58.944295,2527,"(42.1244, 133.526, -68.4593)","(0.0466608, 0.144763, -0.988366)"
544,2023-06-23 15:40:58.961336,2527,"(42.0736, 133.83, -68.3491)","(0.0463022, 0.146598, -0.988112)"
545,2023-06-23 15:40:58.978750,2527,"(41.6812, 134.15, -68.3999)","(0.0449439, 0.147901, -0.98798)"
546,2023-06-23 15:40:58.995091,2527,"(41.0117, 134.236, -68.512)","(0.0423637, 0.146331, -0.988328)"
547,2023-06-23 15:40:59.012962,2527,"(40.1802, 134.244, -68.5823)","(0.0390334, 0.143908, -0.988821)"
548,2023-06-23 15:40:59.031042,2527,"(39.2498, 133.909, -68.3701)","(0.0350139, 0.139047, -0.989667)"
549,2023-06-23 15:40:59.047073,2527,"(38.4273, 133.656, -68.7624)","(0.0317635, 0.134691, -0.990378)"
550,2023-06-23 15:40:59.065256,2527,"(37.8498, 133.619, -69.1838)","(0.0292704, 0.13342, -0.990627)"
551,2023-06-23 15:40:59.081898,2527,"(37.5646, 133.088, -69.6637)","(0.0282943, 0.128526, -0.991302)"
552,2023-06-23 15:40:59.099101,2527,"(37.2903, 132.557, -69.7002)","(0.0264127, 0.12432, -0.991891)"
553,2023-06-23 15:40:59.115124,2527,"(37.5543, 132.424, -69.7339)","(0.0271254, 0.124942, -0.991793)"
554,2023-06-23 15:40:59.133841,2527,"(38.1836, 132.418, -69.9624)","(0.0292129, 0.12718, -0.991449)"
555,2023-06-23 15:40:59.150256,2527,"(39.0355, 132.13, -69.3156)","(0.0328235, 0.127686, -0.991271)"
556,2023-06-23 15:40:59.169516,2527,"(40.2967, 131.547, -68.5)","(0.0376714, 0.12669, -0.991227)"
557,2023-06-23 15:40:59.186147,2527,"(41.8935, 130.717, -67.8599)","(0.0429678, 0.124354, -0.991307)"
558,2023-06-23 15:40:59.203921,2527,"(43.2709, 129.939, -67.1343)","(0.0475063, 0.121891, -0.991406)"
559,2023-06-23 15:40:59.222572,2527,"(44.1566, 129.166, -66.5848)","(0.0494146, 0.119233, -0.991636)"
560,2023-06-23 15:40:59.239269,2527,"(44.5522, 128.533, -66.1363)","(0.0500614, 0.116756, -0.991898)"
561,2023-06-23 15:40:59.257901,2527,"(44.455, 128.014, -65.8443)","(0.0483898, 0.114736, -0.992217)"
562,2023-06-23 15:40:59.272978,2527,"(44.2744, 128.187, -66.211)","(0.0471138, 0.116393, -0.992085)"
563,2023-06-23 15:40:59.293560,2527,"(43.7542, 127.877, -67.0243)","(0.0441764, 0.115196, -0.99236)"
564,2023-06-23 15:40:59.308744,2527,"(43.1032, 128.136, -67.7465)","(0.0413325, 0.119594, -0.991962)"
565,2023-06-23 15:40:59.326872,2527,"(41.9486, 126.863, -67.034)","(0.0373585, 0.115122, -0.992649)"
566,2023-06-23 15:40:59.344039,2527,"(41.2889, 126.583, -67.9719)","(0.0346756, 0.114973, -0.992763)"
567,2023-06-23 15:40:59.361866,2527,"(40.7053, 126.173, -68.8625)","(0.0328093, 0.115133, -0.992808)"
568,2023-06-23 15:40:59.376923,2527,"(40.402, 125.647, -69.4846)","(0.0330761, 0.116191, -0.992676)"
569,2023-06-23 15:40:59.396979,2527,"(40.0159, 123.672, -68.3334)","(0.0308066, 0.104724, -0.994024)"
570,2023-06-23 15:40:59.412802,2527,"(40.0234, 122.048, -67.3458)","(0.03018, 0.0950958, -0.995011)"
571,2023-06-23 15:40:59.426707,2527,"(40.9723, 121.822, -68.0339)","(0.0347319, 0.0972498, -0.994654)"
572,2023-06-23 15:40:59.446978,2527,"(42.3343, 121.731, -68.4242)","(0.0398238, 0.103644, -0.993817)"
573,2023-06-23 15:40:59.462780,2527,"(43.8339, 121.526, -68.3976)","(0.0451016, 0.109004, -0.993018)"
574,2023-06-23 15:40:59.483900,2527,"(45.126, 121.138, -68.188)","(0.0489436, 0.112011, -0.992501)"
575,2023-06-23 15:40:59.500803,2527,"(46.1825, 121.157, -68.712)","(0.0527844, 0.116548, -0.991781)"
576,2023-06-23 15:40:59.519085,2527,"(46.6653, 120.218, -69.5674)","(0.0531758, 0.112023, -0.992282)"
577,2023-06-23 15:40:59.533851,2527,"(46.8913, 119.507, -69.1291)","(0.0533626, 0.110246, -0.992471)"
578,2023-06-23 15:40:59.548991,2527,"(46.5274, 118.832, -69.4945)","(0.0494505, 0.109958, -0.992705)"
579,2023-06-23 15:40:59.569017,2527,"(45.8719, 118.247, -69.1715)","(0.0457277, 0.109078, -0.992981)"
580,2023-06-23 15:40:59.585721,2527,"(44.7199, 116.356, -67.8717)","(0.0381921, 0.0962194, -0.994627)"
581,2023-06-23 15:40:59.601396,2527,"(43.6312, 114.749, -66.7092)","(0.031235, 0.084742, -0.995913)"
582,2023-06-23 15:40:59.619128,2527,"(42.6951, 113.417, -65.6855)","(0.0254663, 0.0748621, -0.996869)"
583,2023-06-23 15:40:59.635985,2527,"(41.8827, 112.226, -64.7789)","(0.0205723, 0.0657304, -0.997625)"
584,2023-06-23 15:40:59.653012,2527,"(41.2674, 111.21, -64.0128)","(0.0169273, 0.0578612, -0.998181)"
585,2023-06-23 15:40:59.671716,2527,"(41.239, 111.608, -64.7765)","(0.0171226, 0.0608175, -0.998002)"
586,2023-06-23 15:40:59.689328,2527,"(41.2621, 111.235, -64.0308)","(0.0176708, 0.059208, -0.998089)"
587,2023-06-23 15:40:59.706746,2527,"(41.5207, 111.133, -64.824)","(0.019285, 0.0592521, -0.998057)"
588,2023-06-23 15:40:59.724758,2527,"(42.476, 111.526, -65.5773)","(0.0256923, 0.064386, -0.997594)"
589,2023-06-23 15:40:59.739891,2527,"(43.798, 111.762, -66.3183)","(0.0337277, 0.0725388, -0.996795)"
590,2023-06-23 15:40:59.757971,2527,"(45.1454, 111.604, -66.8211)","(0.0403907, 0.0791537, -0.996044)"
591,2023-06-23 15:40:59.775807,2527,"(46.4851, 111.487, -66.9809)","(0.0466023, 0.08573, -0.995228)"
592,2023-06-23 15:40:59.790897,2527,"(47.3427, 111.328, -66.4698)","(0.0505286, 0.0887322, -0.994773)"
593,2023-06-23 15:40:59.809193,2527,"(47.8394, 110.982, -66.334)","(0.0521153, 0.090284, -0.994552)"
594,2023-06-23 15:40:59.827824,2527,"(47.7175, 110.478, -66.15)","(0.0508774, 0.0888418, -0.994745)"
595,2023-06-23 15:40:59.847098,2527,"(47.3912, 110.37, -66.5034)","(0.0496717, 0.0903551, -0.99467)"
596,2023-06-23 15:40:59.865884,2527,"(46.4805, 109.727, -66.9175)","(0.0459133, 0.088887, -0.994983)"
597,2023-06-23 15:40:59.878850,2527,"(45.6384, 109.406, -67.2035)","(0.0434813, 0.0896613, -0.995023)"
598,2023-06-23 15:40:59.898467,2527,"(44.9489, 108.726, -65.8399)","(0.0396185, 0.0860975, -0.995499)"
599,2023-06-23 15:40:59.914991,2527,"(44.152, 107.812, -64.5355)","(0.0349418, 0.0805905, -0.996135)"
600,2023-06-23 15:40:59.931522,2527,"(43.8154, 107.612, -65.1117)","(0.03372, 0.0798276, -0.996238)"
601,2023-06-23 15:40:59.947628,2527,"(43.8761, 107.712, -65.4314)","(0.0347208, 0.0813103, -0.996084)"
602,2023-06-23 15:40:59.962859,2527,"(44.287, 107.921, -65.7138)","(0.0380317, 0.0841654, -0.995726)"
603,2023-06-23 15:40:59.983705,2527,"(44.8246, 107.85, -66.1009)","(0.0415975, 0.0873484, -0.995309)"
604,2023-06-23 15:41:00.003760,2527,"(45.6006, 107.218, -65.9516)","(0.0453024, 0.0876624, -0.99512)"
605,2023-06-23 15:41:00.019474,2527,"(46.3513, 106.748, -65.4485)","(0.0486031, 0.0868284, -0.995037)"
606,2023-06-23 15:41:00.036558,2527,"(46.972, 106.227, -64.9509)","(0.0504128, 0.0847567, -0.995126)"
607,2023-06-23 15:41:00.053192,2527,"(47.618, 105.838, -64.6381)","(0.0519888, 0.0836683, -0.995137)"
608,2023-06-23 15:41:00.070173,2527,"(47.8364, 105.528, -64.3416)","(0.0522549, 0.082205, -0.995245)"
609,2023-06-23 15:41:00.086692,2527,"(47.7982, 105.195, -64.2155)","(0.0508363, 0.0806081, -0.995449)"
610,2023-06-23 15:41:00.105039,2527,"(47.4779, 104.938, -64.039)","(0.0487654, 0.0792417, -0.995662)"
611,2023-06-23 15:41:00.121170,2527,"(46.8011, 103.976, -62.8091)","(0.0445147, 0.0727847, -0.996354)"
612,2023-06-23 15:41:00.140434,2527,"(46.2265, 103.718, -63.2956)","(0.0419698, 0.0708538, -0.996603)"
613,2023-06-23 15:41:00.157780,2527,"(45.8775, 103.874, -63.7525)","(0.040667, 0.0723782, -0.996548)"
614,2023-06-23 15:41:00.178567,2527,"(45.5254, 104.097, -64.2843)","(0.0398002, 0.0751949, -0.996374)"
615,2023-06-23 15:41:00.193099,2527,"(45.0367, 104.104, -64.9041)","(0.0387434, 0.0776235, -0.99623)"
616,2023-06-23 15:41:00.210554,2527,"(44.4124, 103.678, -65.5943)","(0.0369183, 0.0777106, -0.996292)"
617,2023-06-23 15:41:00.227362,2527,"(43.9834, 103.163, -66.0738)","(0.0359157, 0.0770478, -0.99638)"
618,2023-06-23 15:41:00.245321,2527,"(43.93, 102.655, -66.2892)","(0.0371042, 0.0768823, -0.99635)"
619,2023-06-23 15:41:00.261597,2527,"(43.9756, 102.053, -66.0055)","(0.0374249, 0.0748072, -0.996495)"
620,2023-06-23 15:41:00.279775,2527,"(44.1371, 101.433, -65.7537)","(0.0376989, 0.0726423, -0.996645)"
621,2023-06-23 15:41:00.297215,2527,"(44.4956, 100.902, -65.4852)","(0.0391989, 0.0713287, -0.996682)"
622,2023-06-23 15:41:00.314217,2527,"(44.9455, 100.351, -65.2092)","(0.0406818, 0.0699362, -0.996722)"
623,2023-06-23 15:41:00.328427,2527,"(45.6062, 99.8817, -65.166)","(0.0426185, 0.0694554, -0.996674)"
624,2023-06-23 15:41:00.345412,2527,"(46.3326, 99.4135, -64.9114)","(0.0450236, 0.0685508, -0.996631)"
625,2023-06-23 15:41:00.367844,2527,"(46.5775, 98.6593, -63.4285)","(0.0465617, 0.0642861, -0.996845)"
626,2023-06-23 15:41:00.381766,2527,"(47.4324, 98.6439, -64.1146)","(0.0500694, 0.0660187, -0.996561)"
627,2023-06-23 15:41:00.400312,2527,"(48.4314, 98.6918, -64.7153)","(0.0540753, 0.0688231, -0.996162)"
628,2023-06-23 15:41:00.418207,2527,"(49.4974, 98.8105, -65.0043)","(0.058546, 0.0731921, -0.995598)"
629,2023-06-23 15:41:00.434826,2527,"(50.2799, 98.9973, -65.1821)","(0.0623051, 0.0773109, -0.995058)"
630,2023-06-23 15:41:00.452477,2527,"(50.5518, 99.1132, -65.2525)","(0.0634438, 0.0798682, -0.994784)"
631,2023-06-23 15:41:00.470805,2527,"(50.1883, 98.9362, -65.3359)","(0.0610928, 0.0796008, -0.994953)"
632,2023-06-23 15:41:00.486820,2527,"(49.3896, 98.603, -65.5025)","(0.0569936, 0.0776806, -0.995348)"
633,2023-06-23 15:41:00.505063,2527,"(48.354, 98.4331, -65.3908)","(0.0517532, 0.0772277, -0.995669)"
634,2023-06-23 15:41:00.521578,2527,"(47.0231, 96.651, -63.5504)","(0.0429469, 0.0643472, -0.997003)"
635,2023-06-23 15:41:00.540669,2527,"(46.2919, 96.7312, -64.0763)","(0.0397154, 0.0643894, -0.997134)"
636,2023-06-23 15:41:00.556525,2527,"(45.7959, 96.5407, -62.4223)","(0.0373872, 0.0643547, -0.997226)"
637,2023-06-23 15:41:00.572446,2527,"(45.4042, 96.0491, -60.9623)","(0.0356135, 0.0616782, -0.997461)"
638,2023-06-23 15:41:00.589650,2527,"(45.5279, 96.4363, -61.3253)","(0.0370934, 0.0648495, -0.997205)"
639,2023-06-23 15:41:00.611005,2527,"(45.4891, 96.0714, -59.9746)","(0.0376809, 0.0634332, -0.997274)"
640,2023-06-23 15:41:00.624040,2527,"(45.598, 95.5719, -58.8439)","(0.0390638, 0.060674, -0.997393)"
641,2023-06-23 15:41:00.642604,2527,"(46.109, 96.0538, -59.4644)","(0.0426916, 0.0645285, -0.997002)"
642,2023-06-23 15:41:00.660690,2527,"(46.862, 96.9231, -60.1197)","(0.0479859, 0.0714764, -0.996287)"
643,2023-06-23 15:41:00.677101,2527,"(47.1008, 96.5614, -59.1052)","(0.0498015, 0.0696589, -0.996327)"
644,2023-06-23 15:41:00.699046,2527,"(47.1156, 95.6945, -58.2055)","(0.0495712, 0.0634432, -0.996754)"
645,2023-06-23 15:41:00.712845,2527,"(47.2397, 95.2916, -57.4047)","(0.0501973, 0.0606679, -0.996895)"
646,2023-06-23 15:41:00.728331,2527,"(47.2407, 95.0977, -56.6961)","(0.0499801, 0.0594123, -0.996982)"
647,2023-06-23 15:41:00.748103,2527,"(47.3346, 95.8894, -57.5504)","(0.0501114, 0.0649628, -0.996629)"
648,2023-06-23 15:41:00.765715,2527,"(47.317, 96.4561, -58.1279)","(0.0499693, 0.0692268, -0.996349)"
649,2023-06-23 15:41:00.782134,2527,"(46.5268, 95.6232, -57.0786)","(0.0448721, 0.0635637, -0.996969)"
650,2023-06-23 15:41:00.798457,2527,"(45.5634, 94.5766, -55.9746)","(0.0386351, 0.0559085, -0.997688)"
651,2023-06-23 15:41:00.817266,2527,"(45.1836, 94.7867, -56.9158)","(0.0365852, 0.0572469, -0.997689)"
652,2023-06-23 15:41:00.830844,2527,"(44.939, 95.2457, -57.808)","(0.0357458, 0.0607332, -0.997514)"
653,2023-06-23 15:41:00.848192,2527,"(44.8186, 95.4503, -58.6022)","(0.0359481, 0.0626886, -0.997386)"
654,2023-06-23 15:41:00.868957,2527,"(44.7025, 95.3482, -59.3512)","(0.0362353, 0.0627528, -0.997371)"
655,2023-06-23 15:41:00.887633,2527,"(44.2513, 94.0161, -57.8612)","(0.0340286, 0.0543714, -0.997941)"
656,2023-06-23 15:41:00.901883,2527,"(44.1253, 93.0638, -56.6504)","(0.0336371, 0.0485175, -0.998256)"
657,2023-06-23 15:41:00.919275,2527,"(44.5596, 92.7171, -57.5872)","(0.036429, 0.0465768, -0.99825)"
658,2023-06-23 15:41:00.937093,2527,"(45.408, 93.2762, -58.4408)","(0.0419101, 0.0518392, -0.997776)"
659,2023-06-23 15:41:00.954127,2527,"(46.4273, 93.9906, -59.3136)","(0.0481158, 0.0589391, -0.997101)"
660,2023-06-23 15:41:00.971982,2527,"(47.3545, 94.3683, -60.1287)","(0.0530924, 0.0640623, -0.996533)"
661,2023-06-23 15:41:00.991017,2527,"(47.4277, 93.3666, -58.6878)","(0.052885, 0.0582084, -0.996903)"
662,2023-06-23 15:41:01.006721,2527,"(48.1367, 93.2759, -59.4673)","(0.0558731, 0.0590137, -0.996692)"
663,2023-06-23 15:41:01.023709,2527,"(48.6011, 93.4766, -59.9986)","(0.0578651, 0.0616872, -0.996417)"
664,2023-06-23 15:41:01.040600,2527,"(48.6338, 93.899, -60.3622)","(0.0575426, 0.0654887, -0.996193)"
665,2023-06-23 15:41:01.062350,2527,"(48.0536, 93.2442, -58.9617)","(0.0539436, 0.0624547, -0.996589)"
666,2023-06-23 15:41:01.077688,2527,"(47.635, 93.2735, -59.6847)","(0.0512554, 0.0636485, -0.996655)"
667,2023-06-23 15:41:01.094621,2527,"(47.1773, 93.439, -60.4264)","(0.048834, 0.0658206, -0.996636)"
668,2023-06-23 15:41:01.110572,2527,"(46.6705, 93.5144, -61.1838)","(0.0467351, 0.0675698, -0.996619)"
669,2023-06-23 15:41:01.128695,2527,"(45.8617, 93.1529, -62.0013)","(0.0435744, 0.0666155, -0.996827)"
670,2023-06-23 15:41:01.144733,2527,"(45.2307, 92.9028, -62.5866)","(0.0413337, 0.066402, -0.996936)"
671,2023-06-23 15:41:01.160670,2527,"(44.9571, 92.7286, -62.9678)","(0.0406891, 0.0664163, -0.996962)"
672,2023-06-23 15:41:01.178674,2527,"(44.6384, 91.5759, -61.3391)","(0.0389465, 0.0588424, -0.997507)"
673,2023-06-23 15:41:01.198925,2527,"(45.0249, 91.6997, -61.7479)","(0.0415796, 0.0603359, -0.997312)"
674,2023-06-23 15:41:01.212785,2527,"(45.6589, 92.0991, -62.2136)","(0.0454108, 0.0646954, -0.996871)"
675,2023-06-23 15:41:01.229924,2527,"(46.4598, 92.165, -62.7616)","(0.0492751, 0.0671143, -0.996528)"
676,2023-06-23 15:41:01.247862,2527,"(47.4516, 92.0645, -63.0843)","(0.0528116, 0.069089, -0.996212)"
677,2023-06-23 15:41:01.266403,2527,"(48.4676, 91.8497, -63.0505)","(0.0565962, 0.0689389, -0.996014)"
678,2023-06-23 15:41:01.282364,2527,"(48.9708, 91.4966, -62.5136)","(0.0587032, 0.0664458, -0.996062)"
679,2023-06-23 15:41:01.300142,2527,"(48.8027, 90.4553, -60.8429)","(0.0571901, 0.059002, -0.996618)"
680,2023-06-23 15:41:01.318781,2527,"(49.3822, 90.3401, -60.9251)","(0.0568542, 0.0555089, -0.996838)"
681,2023-06-23 15:41:01.335515,2527,"(49.5774, 90.3909, -60.9623)","(0.0563979, 0.054865, -0.9969)"
682,2023-06-23 15:41:01.353212,2527,"(49.4606, 90.5921, -61.1404)","(0.0554387, 0.0563017, -0.996873)"
683,2023-06-23 15:41:01.372693,2527,"(49.2281, 90.8095, -61.4184)","(0.0538865, 0.058005, -0.996861)"
684,2023-06-23 15:41:01.390818,2527,"(48.8496, 90.9697, -61.8438)","(0.0516577, 0.0596688, -0.996881)"
685,2023-06-23 15:41:01.390944,2815,"(-173.643, 401.292, -132.095)","(-0.858401, 0.0567534, -0.50983)"
686,2023-06-23 15:41:01.411229,2527,"(47.9933, 89.841, -60.1504)","(0.0464269, 0.0521998, -0.997557)"
687,2023-06-23 15:41:01.424641,2527,"(47.6475, 89.8653, -60.7713)","(0.0444959, 0.0528242, -0.997612)"
688,2023-06-23 15:41:01.441004,2527,"(47.5577, 90.2176, -61.2136)","(0.0445166, 0.0561599, -0.997429)"
689,2023-06-23 15:41:01.458051,2527,"(47.5776, 90.5322, -61.5924)","(0.0453806, 0.0594994, -0.997196)"
690,2023-06-23 15:41:01.474924,2527,"(47.6199, 90.7429, -61.958)","(0.0464009, 0.0624569, -0.996968)"
691,2023-06-23 15:41:01.492244,2527,"(47.7726, 90.8399, -62.3076)","(0.0481176, 0.0649727, -0.996726)"
692,2023-06-23 15:41:01.511501,2527,"(47.6109, 89.7806, -60.5055)","(0.0477075, 0.0587337, -0.997133)"
693,2023-06-23 15:41:01.527090,2527,"(47.8394, 89.3342, -61.0677)","(0.0487249, 0.0571499, -0.997176)"
694,2023-06-23 15:41:01.543213,2527,"(48.421, 89.076, -61.4999)","(0.0515187, 0.0577873, -0.996999)"
695,2023-06-23 15:41:01.562103,2527,"(49.2531, 88.8799, -61.8733)","(0.055654, 0.0590785, -0.996701)"
696,2023-06-23 15:41:01.579711,2527,"(49.9413, 88.7341, -62.0868)","(0.0581961, 0.0605439, -0.996468)"
697,2023-06-23 15:41:01.597149,2527,"(50.4699, 88.6474, -62.2887)","(0.0601826, 0.0616357, -0.996283)"
698,2023-06-23 15:41:01.613946,2527,"(50.7709, 88.7116, -62.4534)","(0.0615329, 0.0631112, -0.996108)"
699,2023-06-23 15:41:01.632062,2527,"(50.6684, 88.5715, -62.4367)","(0.0609773, 0.0629202, -0.996154)"
700,2023-06-23 15:41:01.649456,2527,"(49.6298, 87.1754, -60.6056)","(0.0542875, 0.0528648, -0.997125)"
701,2023-06-23 15:41:01.663811,2527,"(48.4067, 86.0715, -59.0377)","(0.0463327, 0.0444436, -0.997937)"
702,2023-06-23 15:41:01.680889,2527,"(47.3252, 85.4014, -57.5655)","(0.0396532, 0.0390086, -0.998452)"
703,2023-06-23 15:41:01.697958,2527,"(46.4907, 84.9996, -56.1511)","(0.0349704, 0.0354869, -0.998758)"
704,2023-06-23 15:41:01.717567,2527,"(45.8494, 84.7519, -54.8662)","(0.0317974, 0.0330956, -0.998946)"
705,2023-06-23 15:41:01.735734,2527,"(45.8528, 85.5467, -55.9897)","(0.0332133, 0.0385147, -0.998706)"
706,2023-06-23 15:41:01.751480,2527,"(45.575, 85.7453, -54.7678)","(0.0328982, 0.040405, -0.998642)"
707,2023-06-23 15:41:01.769071,2527,"(45.3713, 85.5307, -53.6825)","(0.032849, 0.0390844, -0.998696)"
708,2023-06-23 15:41:01.790008,2527,"(45.7905, 86.0803, -54.7304)","(0.0365415, 0.043164, -0.998399)"
709,2023-06-23 15:41:01.804038,2527,"(46.4066, 86.685, -55.6011)","(0.0413699, 0.0479121, -0.997994)"
710,2023-06-23 15:41:01.821189,2527,"(47.1496, 87.1845, -56.3853)","(0.0467441, 0.0520195, -0.997552)"
711,2023-06-23 15:41:01.840168,2527,"(47.5196, 86.6147, -55.0635)","(0.049733, 0.048457, -0.997586)"
712,2023-06-23 15:41:01.857277,2527,"(47.5692, 85.7707, -53.9108)","(0.0500188, 0.0421694, -0.997858)"
713,2023-06-23 15:41:01.873831,2527,"(47.847, 86.2857, -54.8679)","(0.0513184, 0.0451902, -0.997659)"
714,2023-06-23 15:41:01.888993,2527,"(47.8861, 87.124, -55.827)","(0.0513042, 0.0503485, -0.997413)"
715,2023-06-23 15:41:01.907587,2527,"(47.3624, 87.2706, -54.7559)","(0.0483496, 0.0506301, -0.997546)"
716,2023-06-23 15:41:01.926359,2527,"(46.4813, 87.3408, -53.6407)","(0.0433679, 0.0486018, -0.997876)"
717,2023-06-23 15:41:01.945936,2527,"(45.5155, 88.4079, -52.1955)","(0.0399024, 0.0536577, -0.997762)"
718,2023-06-23 15:41:01.962415,2527,"(44.8137, 89.9184, -54.0524)","(0.0373097, 0.061272, -0.997424)"
719,2023-06-23 15:41:01.977805,2527,"(43.592, 90.5603, -52.5896)","(0.0336146, 0.061378, -0.997548)"
720,2023-06-23 15:41:01.993615,2527,"(42.9939, 91.4233, -54.3324)","(0.0317323, 0.0639726, -0.997447)"
721,2023-06-23 15:41:02.009606,2527,"(42.5781, 92.5484, -55.9653)","(0.0312939, 0.0678092, -0.997207)"
722,2023-06-23 15:41:02.028272,2527,"(42.4121, 93.6757, -57.4691)","(0.032076, 0.0714345, -0.996929)"
723,2023-06-23 15:41:02.046592,2527,"(41.9627, 93.0805, -56.5983)","(0.0299415, 0.0625035, -0.997595)"
724,2023-06-23 15:41:02.063873,2527,"(42.0475, 93.8345, -55.3725)","(0.0313638, 0.0610621, -0.997641)"
725,2023-06-23 15:41:02.079687,2527,"(42.7074, 94.7989, -56.8153)","(0.035478, 0.0623507, -0.997424)"
726,2023-06-23 15:41:02.097052,2527,"(42.7424, 94.7828, -55.8269)","(0.0346005, 0.056668, -0.997793)"
727,2023-06-23 15:41:02.116403,2527,"(43.0666, 95.367, -54.6903)","(0.035682, 0.0544373, -0.997879)"
728,2023-06-23 15:41:02.135393,2527,"(43.2537, 96.2441, -53.8437)","(0.033777, 0.0480822, -0.998272)"
729,2023-06-23 15:41:02.152358,2527,"(43.6544, 97.6717, -55.4089)","(0.0356301, 0.0534889, -0.997933)"
730,2023-06-23 15:41:02.169319,2527,"(43.6796, 99.7485, -55.094)","(0.0357113, 0.0582466, -0.997663)"
731,2023-06-23 15:41:02.188204,2527,"(43.7147, 100.927, -56.4224)","(0.0362442, 0.0641534, -0.997282)"
732,2023-06-23 15:41:02.204891,2527,"(43.4217, 102.249, -57.7602)","(0.0349568, 0.0709115, -0.99687)"
733,2023-06-23 15:41:02.222515,2527,"(43.2014, 104.006, -58.9786)","(0.0354014, 0.080575, -0.99612)"
734,2023-06-23 15:41:02.240605,2527,"(43.3474, 106.501, -60.2386)","(0.0391302, 0.0968342, -0.994531)"
735,2023-06-23 15:41:02.256145,2527,"(43.608, 108.262, -61.0841)","(0.042981, 0.108577, -0.993158)"
736,2023-06-23 15:41:02.274773,2527,"(43.3751, 107.688, -60.5594)","(0.0415353, 0.103784, -0.993732)"
737,2023-06-23 15:41:02.291843,2527,"(43.7359, 108.048, -61.0908)","(0.0438785, 0.104679, -0.993538)"
738,2023-06-23 15:41:02.308974,2527,"(44.3091, 108.845, -61.6561)","(0.0473617, 0.108574, -0.992959)"
739,2023-06-23 15:41:02.322968,2527,"(44.7532, 109.298, -62.0496)","(0.0494645, 0.110268, -0.99267)"
740,2023-06-23 15:41:02.342814,2527,"(45.23, 109.63, -62.3721)","(0.0514232, 0.111211, -0.992465)"
741,2023-06-23 15:41:02.360821,2527,"(44.9283, 108.415, -61.822)","(0.048685, 0.101696, -0.993623)"
742,2023-06-23 15:41:02.376922,2527,"(45.1378, 108.338, -62.1655)","(0.0488897, 0.0989638, -0.993889)"
743,2023-06-23 15:41:02.394073,2527,"(44.873, 107.909, -61.6805)","(0.0465796, 0.0951898, -0.994369)"
744,2023-06-23 15:41:02.411778,2527,"(44.9132, 108.172, -62.1358)","(0.0461967, 0.0951962, -0.994386)"
745,2023-06-23 15:41:02.426765,2527,"(44.6303, 108.026, -61.614)","(0.0440198, 0.093381, -0.994657)"
746,2023-06-23 15:41:02.443900,2527,"(44.746, 108.814, -62.1793)","(0.0446622, 0.0970235, -0.99428)"
747,2023-06-23 15:41:02.461915,2527,"(44.3278, 108.242, -61.7148)","(0.0416542, 0.0920805, -0.99488)"
748,2023-06-23 15:41:02.482090,2527,"(43.9557, 107.717, -61.2853)","(0.0389757, 0.0872593, -0.995423)"
749,2023-06-23 15:41:02.499431,2527,"(43.6114, 107.214, -60.8344)","(0.036456, 0.0824897, -0.995925)"
750,2023-06-23 15:41:02.516751,2527,"(43.3374, 106.85, -60.3915)","(0.0344173, 0.0786407, -0.996309)"
751,2023-06-23 15:41:02.532090,2527,"(43.141, 106.508, -59.9983)","(0.0328687, 0.0748608, -0.996652)"
752,2023-06-23 15:41:02.548515,2527,"(43.0285, 106.368, -59.599)","(0.0318398, 0.0724419, -0.996864)"
753,2023-06-23 15:41:02.568167,2527,"(43.2465, 106.664, -60.2598)","(0.0330892, 0.0730931, -0.996776)"
754,2023-06-23 15:41:02.585589,2527,"(43.6549, 107.62, -60.9939)","(0.0357639, 0.0789184, -0.996239)"
755,2023-06-23 15:41:02.600420,2527,"(43.6156, 107.595, -60.5677)","(0.0353485, 0.0785325, -0.996285)"
756,2023-06-23 15:41:02.617143,2527,"(43.9229, 108.089, -61.0887)","(0.0372782, 0.0815735, -0.99597)"
757,2023-06-23 15:41:02.634693,2527,"(44.3, 108.973, -61.5981)","(0.0398182, 0.08795, -0.995329)"
758,2023-06-23 15:41:02.654728,2527,"(44.1942, 108.784, -61.1071)","(0.0390295, 0.0868086, -0.99546)"
759,2023-06-23 15:41:02.671950,2527,"(44.5166, 109.244, -61.486)","(0.0412785, 0.0900246, -0.995084)"
760,2023-06-23 15:41:02.688103,2527,"(44.8269, 110.058, -61.9012)","(0.0436063, 0.096105, -0.994416)"
761,2023-06-23 15:41:02.706589,2527,"(44.511, 109.59, -61.3697)","(0.0414728, 0.0929678, -0.994805)"
762,2023-06-23 15:41:02.723553,2527,"(44.8022, 110.373, -61.7881)","(0.043781, 0.0987292, -0.994151)"
763,2023-06-23 15:41:02.740635,2527,"(44.5022, 109.779, -61.2486)","(0.0418432, 0.0946273, -0.994633)"
764,2023-06-23 15:41:02.757656,2527,"(44.7587, 110.233, -61.6156)","(0.0438153, 0.0978096, -0.99424)"
765,2023-06-23 15:41:02.775149,2527,"(45.0074, 110.774, -61.9225)","(0.0457878, 0.101838, -0.993747)"
766,2023-06-23 15:41:02.793896,2527,"(45.2418, 111.27, -62.1939)","(0.0477053, 0.105612, -0.993262)"
767,2023-06-23 15:41:02.812326,2527,"(44.8156, 110.537, -61.6144)","(0.0448964, 0.100658, -0.993908)"
768,2023-06-23 15:41:02.828577,2527,"(44.4196, 109.639, -61.088)","(0.0422505, 0.0940536, -0.99467)"
769,2023-06-23 15:41:02.845251,2527,"(44.0082, 108.738, -60.5896)","(0.0394366, 0.0871114, -0.995418)"
770,2023-06-23 15:41:02.862378,2527,"(43.6393, 107.959, -60.1861)","(0.0368865, 0.0808064, -0.996047)"
771,2023-06-23 15:41:02.878059,2527,"(43.7945, 108.297, -60.7245)","(0.0381709, 0.082439, -0.995865)"
772,2023-06-23 15:41:02.897789,2527,"(43.5074, 107.978, -60.226)","(0.0363849, 0.0797722, -0.996149)"
773,2023-06-23 15:41:02.912792,2527,"(43.7008, 108.593, -60.7803)","(0.038043, 0.0835729, -0.995775)"
774,2023-06-23 15:41:02.929484,2527,"(44.0309, 109.775, -61.377)","(0.0410194, 0.0922161, -0.994894)"
775,2023-06-23 15:41:02.949495,2527,"(44.5391, 110.928, -61.8884)","(0.0453258, 0.101059, -0.993847)"
776,2023-06-23 15:41:02.966382,2527,"(44.9508, 111.881, -62.2322)","(0.0488283, 0.108675, -0.992877)"
777,2023-06-23 15:41:02.984957,2527,"(44.583, 110.953, -61.5576)","(0.0465362, 0.102432, -0.993651)"
778,2023-06-23 15:41:03.000886,2527,"(44.6902, 111.014, -61.8651)","(0.0474175, 0.102803, -0.993571)"
779,2023-06-23 15:41:03.018693,2527,"(44.298, 110.16, -61.2936)","(0.0448192, 0.0966854, -0.994305)"
780,2023-06-23 15:41:03.035070,2527,"(43.7448, 109.205, -60.7167)","(0.0409213, 0.0894055, -0.995154)"
781,2023-06-23 15:41:03.053107,2527,"(43.2673, 108.361, -60.2413)","(0.0375763, 0.0825827, -0.995876)"
782,2023-06-23 15:41:03.070103,2527,"(42.8889, 107.693, -59.8229)","(0.0350332, 0.076833, -0.996428)"
783,2023-06-23 15:41:03.089517,2527,"(42.5384, 107.348, -59.4066)","(0.0327341, 0.0732293, -0.996778)"
784,2023-06-23 15:41:03.106218,2527,"(42.553, 107.517, -60.1291)","(0.0329913, 0.0730471, -0.996783)"
785,2023-06-23 15:41:03.123143,2527,"(42.4409, 107.691, -59.5937)","(0.0326999, 0.0734541, -0.996762)"
786,2023-06-23 15:41:03.139633,2527,"(42.2409, 107.566, -59.1791)","(0.0315845, 0.0717685, -0.996921)"
787,2023-06-23 15:41:03.156328,2527,"(42.0187, 107.248, -58.8219)","(0.0302169, 0.0686288, -0.997185)"
788,2023-06-23 15:41:03.175054,2527,"(41.8499, 107.02, -58.4769)","(0.029431, 0.0660401, -0.997383)"
789,2023-06-23 15:41:03.192467,2527,"(41.571, 107.105, -58.1021)","(0.028274, 0.0651503, -0.997475)"
790,2023-06-23 15:41:03.209095,2527,"(41.5953, 107.785, -59.1065)","(0.0288216, 0.0692708, -0.997181)"
791,2023-06-23 15:41:03.227667,2527,"(41.7223, 108.605, -60.0011)","(0.0302615, 0.0748086, -0.996739)"
792,2023-06-23 15:41:03.242951,2527,"(41.9144, 109.521, -60.7882)","(0.0322382, 0.0814321, -0.996157)"
793,2023-06-23 15:41:03.260506,2527,"(41.632, 109.024, -60.1322)","(0.0311518, 0.0786906, -0.996412)"
794,2023-06-23 15:41:03.279046,2527,"(41.7443, 109.517, -60.7955)","(0.0324453, 0.0826797, -0.996048)"
795,2023-06-23 15:41:03.295698,2527,"(41.5667, 108.941, -60.0087)","(0.0319722, 0.0800392, -0.996279)"
796,2023-06-23 15:41:03.310654,2527,"(41.3383, 107.962, -59.1978)","(0.0307934, 0.0741314, -0.996773)"
797,2023-06-23 15:41:03.327932,2527,"(41.0024, 106.747, -58.4325)","(0.0282197, 0.0659904, -0.997421)"
798,2023-06-23 15:41:03.345792,2527,"(40.7698, 105.675, -57.7846)","(0.0261697, 0.0584313, -0.997948)"
799,2023-06-23 15:41:03.364362,2527,"(40.5302, 104.757, -57.2676)","(0.0237658, 0.0516506, -0.998382)"
800,2023-06-23 15:41:03.383386,2527,"(40.3516, 103.989, -56.8528)","(0.0217139, 0.045754, -0.998717)"
801,2023-06-23 15:41:03.396999,2527,"(40.2386, 103.347, -56.514)","(0.0201164, 0.0406455, -0.998971)"
802,2023-06-23 15:41:03.416130,2527,"(40.2213, 102.85, -56.2425)","(0.0193347, 0.0365247, -0.999146)"
803,2023-06-23 15:41:03.432215,2527,"(40.1133, 102.381, -56.0229)","(0.0178318, 0.032537, -0.999311)"
804,2023-06-23 15:41:03.452387,2527,"(40.0915, 101.952, -55.8187)","(0.0169876, 0.0287068, -0.999444)"
805,2023-06-23 15:41:03.468774,2527,"(40.3873, 102.55, -56.9642)","(0.0187046, 0.0327716, -0.999288)"
806,2023-06-23 15:41:03.486252,2527,"(40.4501, 102.667, -56.6983)","(0.0189977, 0.0336592, -0.999253)"
807,2023-06-23 15:41:03.502175,2527,"(40.3845, 102.488, -56.4707)","(0.018495, 0.0322897, -0.999307)"
808,2023-06-23 15:41:03.519663,2527,"(40.1289, 102.238, -56.2307)","(0.0166381, 0.0302508, -0.999404)"
809,2023-06-23 15:41:03.536423,2527,"(39.8792, 101.974, -55.9999)","(0.0149242, 0.027965, -0.999497)"
810,2023-06-23 15:41:03.555733,2527,"(39.6601, 101.639, -55.7823)","(0.0134654, 0.0250269, -0.999596)"
811,2023-06-23 15:41:03.571928,2527,"(39.4695, 101.274, -55.5979)","(0.0121173, 0.0217978, -0.999689)"
812,2023-06-23 15:41:03.589438,2527,"(39.4161, 101.07, -55.4762)","(0.0117242, 0.0200604, -0.99973)"
813,2023-06-23 15:41:03.607488,2527,"(39.403, 100.934, -55.3708)","(0.0115564, 0.0188805, -0.999755)"
814,2023-06-23 15:41:03.624281,2527,"(39.4115, 100.875, -55.2541)","(0.0114846, 0.0183046, -0.999766)"
815,2023-06-23 15:41:03.643162,2527,"(39.7727, 101.659, -56.5541)","(0.0139911, 0.0240624, -0.999613)"
816,2023-06-23 15:41:03.658281,2527,"(39.9101, 102.027, -56.3166)","(0.0149498, 0.027234, -0.999517)"
817,2023-06-23 15:41:03.674503,2527,"(39.9448, 101.973, -56.1106)","(0.015107, 0.0271017, -0.999519)"
818,2023-06-23 15:41:03.694593,2527,"(39.8875, 101.675, -55.8812)","(0.0144857, 0.0250164, -0.999582)"
819,2023-06-23 15:41:03.711775,2527,"(40.1952, 102.228, -57.1042)","(0.0166037, 0.0291119, -0.999438)"
820,2023-06-23 15:41:03.728978,2527,"(40.5501, 103.28, -58.2435)","(0.0191257, 0.0372368, -0.999123)"
821,2023-06-23 15:41:03.744591,2527,"(40.5792, 103.276, -57.8351)","(0.0193154, 0.0379907, -0.999091)"
822,2023-06-23 15:41:03.762044,2527,"(40.9896, 103.787, -58.8279)","(0.0220826, 0.0422551, -0.998863)"
823,2023-06-23 15:41:03.780944,2527,"(41.054, 103.473, -58.2655)","(0.0224013, 0.0412793, -0.998896)"
824,2023-06-23 15:41:03.796449,2527,"(40.9445, 102.742, -57.6525)","(0.02125, 0.0370167, -0.999089)"
825,2023-06-23 15:41:03.812923,2527,"(40.7755, 102.001, -57.1572)","(0.0193877, 0.0322631, -0.999291)"
826,2023-06-23 15:41:03.830547,2527,"(40.6589, 101.553, -56.7591)","(0.0181837, 0.0296397, -0.999395)"
827,2023-06-23 15:41:03.847824,2527,"(40.755, 101.928, -57.9068)","(0.0185609, 0.0327002, -0.999293)"
828,2023-06-23 15:41:03.865964,2527,"(40.7913, 101.731, -57.4513)","(0.0187004, 0.0323696, -0.999301)"
829,2023-06-23 15:41:03.882978,2527,"(40.7034, 101.31, -56.9604)","(0.0177704, 0.0305027, -0.999377)"
830,2023-06-23 15:41:03.900712,2527,"(40.6833, 100.92, -56.5299)","(0.017235, 0.0287651, -0.999438)"
831,2023-06-23 15:41:03.917573,2527,"(40.7299, 100.455, -56.0892)","(0.0169431, 0.0264779, -0.999506)"
832,2023-06-23 15:41:03.935800,2527,"(41.3428, 101.489, -57.4086)","(0.0210607, 0.0347022, -0.999176)"
833,2023-06-23 15:41:03.952529,2527,"(41.5064, 101.6, -57.0029)","(0.0220988, 0.0369381, -0.999073)"
834,2023-06-23 15:41:03.969496,2527,"(41.4123, 101.046, -56.4975)","(0.0209488, 0.0342711, -0.999193)"
835,2023-06-23 15:41:03.987077,2527,"(41.3455, 100.586, -56.0973)","(0.0200212, 0.031974, -0.999288)"
836,2023-06-23 15:41:04.004533,2527,"(41.4074, 100.256, -55.8032)","(0.0199828, 0.0301073, -0.999347)"
837,2023-06-23 15:41:04.021453,2527,"(41.5091, 100.098, -55.5579)","(0.0202307, 0.0295471, -0.999359)"
838,2023-06-23 15:41:04.039637,2527,"(41.6488, 99.9507, -55.3356)","(0.0207687, 0.0291074, -0.999361)"
839,2023-06-23 15:41:04.056456,2527,"(41.7328, 99.9265, -55.196)","(0.0211193, 0.0294063, -0.999344)"
840,2023-06-23 15:41:04.073316,2527,"(41.7788, 99.9035, -55.2472)","(0.0208831, 0.0293986, -0.99935)"
841,2023-06-23 15:41:04.090903,2527,"(41.7551, 99.9144, -55.3003)","(0.0205522, 0.0293234, -0.999359)"
842,2023-06-23 15:41:04.107992,2527,"(41.6617, 99.7569, -55.2387)","(0.0197787, 0.0279605, -0.999413)"
843,2023-06-23 15:41:04.125424,2527,"(41.5761, 99.6745, -55.1821)","(0.0190084, 0.0269788, -0.999455)"
844,2023-06-23 15:41:04.142720,2527,"(41.5859, 99.7233, -55.1018)","(0.0187532, 0.0261348, -0.999483)"
845,2023-06-23 15:41:04.160905,2527,"(41.6406, 99.96, -55.023)","(0.0185483, 0.026698, -0.999471)"
846,2023-06-23 15:41:04.179464,2527,"(42.3785, 101.659, -56.5812)","(0.0238948, 0.0392644, -0.998943)"
847,2023-06-23 15:41:04.194800,2527,"(42.9845, 103.134, -57.8578)","(0.0283468, 0.0504957, -0.998322)"
848,2023-06-23 15:41:04.211869,2527,"(42.9649, 103.229, -57.5376)","(0.0284428, 0.0521494, -0.998234)"
849,2023-06-23 15:41:04.229069,2527,"(42.7334, 102.648, -57.0823)","(0.0268362, 0.0486575, -0.998455)"
850,2023-06-23 15:41:04.246293,2527,"(42.5065, 101.966, -56.6907)","(0.025089, 0.0435998, -0.998734)"
851,2023-06-23 15:41:04.263806,2527,"(42.2875, 101.38, -56.4108)","(0.0232468, 0.0387949, -0.998977)"
852,2023-06-23 15:41:04.281664,2527,"(42.7091, 102.228, -57.6396)","(0.0261912, 0.0447782, -0.998654)"
853,2023-06-23 15:41:04.298024,2527,"(43.1312, 103.207, -58.7533)","(0.0292643, 0.0519773, -0.998219)"
854,2023-06-23 15:41:04.316800,2527,"(43.1996, 103.435, -58.3309)","(0.0300873, 0.0543818, -0.998067)"
855,2023-06-23 15:41:04.332511,2527,"(43.5757, 104.464, -59.294)","(0.0329995, 0.0623532, -0.997508)"
856,2023-06-23 15:41:04.351403,2527,"(43.7282, 104.944, -58.7582)","(0.0347537, 0.0672266, -0.997132)"
857,2023-06-23 15:41:04.367828,2527,"(43.9563, 105.795, -59.6159)","(0.0366952, 0.0741954, -0.996568)"
858,2023-06-23 15:41:04.386843,2527,"(43.9964, 106.133, -58.976)","(0.0377806, 0.0786515, -0.996186)"
859,2023-06-23 15:41:04.402657,2527,"(43.9268, 105.993, -58.3224)","(0.0381089, 0.0797256, -0.996088)"
860,2023-06-23 15:41:04.419624,2527,"(43.7923, 105.719, -57.7078)","(0.0379768, 0.0796686, -0.996098)"
861,2023-06-23 15:41:04.437546,2527,"(43.601, 105.221, -57.1747)","(0.0375634, 0.0779883, -0.996246)"
862,2023-06-23 15:41:04.455694,2527,"(43.2207, 104.505, -56.6561)","(0.035665, 0.0741593, -0.996608)"
863,2023-06-23 15:41:04.473272,2527,"(43.2939, 105.027, -57.7188)","(0.0362917, 0.0780444, -0.996289)"
864,2023-06-23 15:41:04.490768,2527,"(43.2666, 105.054, -57.2826)","(0.0367374, 0.0793782, -0.996167)"
865,2023-06-23 15:41:04.507828,2527,"(43.4519, 105.822, -58.2452)","(0.0383671, 0.0853215, -0.995614)"
866,2023-06-23 15:41:04.525847,2527,"(43.4118, 105.831, -57.7154)","(0.0389769, 0.0867726, -0.995465)"
867,2023-06-23 15:41:04.542441,2527,"(43.1995, 105.726, -57.1883)","(0.0384358, 0.0875209, -0.995421)"
868,2023-06-23 15:41:04.559079,2527,"(42.8981, 105.399, -56.7051)","(0.0373399, 0.0865844, -0.995544)"
869,2023-06-23 15:41:04.575800,2527,"(42.6935, 105.086, -56.261)","(0.0367508, 0.085315, -0.995676)"
870,2023-06-23 15:41:04.593833,2527,"(42.512, 104.751, -55.8745)","(0.0362722, 0.0836239, -0.995837)"
871,2023-06-23 15:41:04.610188,2527,"(42.3224, 104.471, -55.5354)","(0.0355307, 0.0821203, -0.995989)"
872,2023-06-23 15:41:04.628562,2527,"(42.3668, 104.848, -56.6882)","(0.0358903, 0.0845321, -0.995774)"
873,2023-06-23 15:41:04.646593,2527,"(42.3232, 104.847, -56.3577)","(0.0360256, 0.0852165, -0.995711)"
874,2023-06-23 15:41:04.662935,2527,"(42.4583, 105.22, -57.4215)","(0.0370347, 0.087714, -0.995457)"
875,2023-06-23 15:41:04.678868,2527,"(42.6929, 105.835, -58.355)","(0.0388455, 0.0921444, -0.994988)"
876,2023-06-23 15:41:04.697400,2527,"(42.1939, 104.883, -57.7962)","(0.0355435, 0.0853347, -0.995718)"
877,2023-06-23 15:41:04.714555,2527,"(41.8153, 104.156, -57.371)","(0.0329465, 0.0798204, -0.996265)"
878,2023-06-23 15:41:04.732544,2527,"(41.4419, 103.414, -57.0191)","(0.0302482, 0.0738183, -0.996813)"
879,2023-06-23 15:41:04.749986,2527,"(41.5044, 103.515, -58.0961)","(0.0304981, 0.073562, -0.996824)"
880,2023-06-23 15:41:04.768249,2527,"(41.2088, 102.886, -57.8329)","(0.0282239, 0.0682832, -0.997267)"
881,2023-06-23 15:41:04.784511,2527,"(40.8843, 102.003, -57.5982)","(0.0255671, 0.0606751, -0.99783)"
882,2023-06-23 15:41:04.802037,2527,"(40.4572, 101.049, -57.3495)","(0.0219982, 0.0523793, -0.998385)"
883,2023-06-23 15:41:04.819566,2527,"(40.203, 100.365, -57.1088)","(0.0196066, 0.045827, -0.998757)"
884,2023-06-23 15:41:04.836310,2527,"(40.0873, 99.9496, -56.7869)","(0.017999, 0.0404988, -0.999017)"
885,2023-06-23 15:41:04.854070,2527,"(40.322, 100.458, -58.0815)","(0.0191183, 0.0424776, -0.998914)"
886,2023-06-23 15:41:04.871096,2527,"(40.3606, 100.751, -57.5112)","(0.018727, 0.0425028, -0.998921)"
887,2023-06-23 15:41:04.888188,2527,"(40.2511, 100.648, -57.1439)","(0.0173835, 0.0401259, -0.999043)"
888,2023-06-23 15:41:04.906340,2527,"(40.1722, 100.502, -56.8251)","(0.0161891, 0.0372895, -0.999173)"
889,2023-06-23 15:41:04.923292,2527,"(40.1858, 100.43, -56.4891)","(0.0155451, 0.0347152, -0.999276)"
890,2023-06-23 15:41:04.941262,2527,"(40.1747, 100.353, -56.1936)","(0.0145336, 0.0319677, -0.999383)"
891,2023-06-23 15:41:04.958131,2527,"(40.237, 100.411, -55.8884)","(0.0137919, 0.0299246, -0.999457)"
892,2023-06-23 15:41:04.976002,2527,"(40.5127, 100.758, -55.5663)","(0.0147178, 0.0304391, -0.999428)"
893,2023-06-23 15:41:04.992946,2527,"(40.8338, 101.168, -55.4742)","(0.0159885, 0.0316008, -0.999373)"
894,2023-06-23 15:41:05.010216,2527,"(41.0246, 101.359, -55.4178)","(0.0166694, 0.0317446, -0.999357)"
895,2023-06-23 15:41:05.027327,2527,"(41.514, 102.466, -56.7928)","(0.0201247, 0.0397213, -0.999008)"
896,2023-06-23 15:41:05.045194,2527,"(41.6121, 102.731, -56.6287)","(0.0209203, 0.0420295, -0.998897)"
897,2023-06-23 15:41:05.061688,2527,"(41.5122, 102.44, -56.4328)","(0.0201264, 0.0399773, -0.998998)"
898,2023-06-23 15:41:05.078124,2527,"(41.4171, 102.053, -56.2441)","(0.019147, 0.0368385, -0.999138)"
899,2023-06-23 15:41:05.096654,2527,"(41.7791, 102.999, -57.5068)","(0.0215649, 0.043779, -0.998808)"
900,2023-06-23 15:41:05.114707,2527,"(41.8592, 103.028, -57.2279)","(0.0220496, 0.0447225, -0.998756)"
901,2023-06-23 15:41:05.132574,2527,"(41.8946, 102.533, -56.8916)","(0.0214975, 0.0417867, -0.998895)"
902,2023-06-23 15:41:05.149826,2527,"(41.977, 101.963, -56.5613)","(0.0206603, 0.0376464, -0.999077)"
903,2023-06-23 15:41:05.167895,2527,"(42.5177, 102.786, -57.85)","(0.0240217, 0.0438214, -0.998751)"
904,2023-06-23 15:41:05.183128,2527,"(42.6724, 102.463, -57.503)","(0.0237468, 0.0422202, -0.998826)"
905,2023-06-23 15:41:05.199314,2527,"(42.7714, 102.076, -57.1008)","(0.023195, 0.0400593, -0.998928)"
906,2023-06-23 15:41:05.217950,2527,"(43.0033, 101.77, -56.7293)","(0.023207, 0.0385641, -0.998987)"
907,2023-06-23 15:41:05.235255,2527,"(43.6606, 102.41, -58.0037)","(0.0272804, 0.0433338, -0.998688)"
908,2023-06-23 15:41:05.254875,2527,"(44.303, 103.559, -59.1373)","(0.0313052, 0.0522154, -0.998145)"
909,2023-06-23 15:41:05.270148,2527,"(44.8495, 104.801, -60.1011)","(0.0346707, 0.0620284, -0.997472)"
910,2023-06-23 15:41:05.287969,2527,"(45.5438, 106.371, -60.9531)","(0.039266, 0.0747609, -0.996428)"
911,2023-06-23 15:41:05.341180,2527,"(46.1029, 107.496, -61.5553)","(0.0429349, 0.084331, -0.995512)"
912,2023-06-23 15:41:05.358746,2527,"(46.5338, 108.114, -62.0565)","(0.0457647, 0.0901937, -0.994872)"
913,2023-06-23 15:41:05.374725,2527,"(46.9179, 108.567, -62.5479)","(0.0483211, 0.0949321, -0.99431)"
914,2023-06-23 15:41:05.391877,2527,"(47.1359, 108.735, -63.025)","(0.0496948, 0.0978529, -0.993959)"
915,2023-06-23 15:41:05.411784,2527,"(47.2398, 108.672, -63.533)","(0.0503507, 0.0993244, -0.99378)"
916,2023-06-23 15:41:05.426487,2527,"(46.8428, 107.608, -62.3294)","(0.0479002, 0.0933618, -0.994479)"
917,2023-06-23 15:41:05.443851,2527,"(46.8159, 107.376, -62.9425)","(0.047763, 0.0925868, -0.994558)"
918,2023-06-23 15:41:05.463314,2527,"(46.3686, 106.414, -61.8135)","(0.04503, 0.0869901, -0.995191)"
919,2023-06-23 15:41:05.478808,2527,"(45.9946, 105.405, -61.0067)","(0.042818, 0.0805295, -0.995832)"
920,2023-06-23 15:41:05.496112,2527,"(45.748, 104.869, -60.1467)","(0.04162, 0.0775431, -0.99612)"
921,2023-06-23 15:41:05.513338,2527,"(45.5582, 104.542, -59.3638)","(0.040915, 0.076136, -0.996258)"
922,2023-06-23 15:41:05.531034,2527,"(45.3907, 104.367, -58.6207)","(0.0405362, 0.0762864, -0.996262)"
923,2023-06-23 15:41:05.549752,2527,"(45.2735, 104.127, -57.9605)","(0.0404945, 0.0757881, -0.996301)"
924,2023-06-23 15:41:05.570010,2527,"(45.1667, 103.93, -57.3553)","(0.0405439, 0.0756665, -0.996309)"
925,2023-06-23 15:41:05.583251,2527,"(45.0407, 103.742, -56.8282)","(0.0404326, 0.0754339, -0.996331)"
926,2023-06-23 15:41:05.599118,2527,"(44.8808, 103.586, -56.3745)","(0.0400385, 0.0752629, -0.99636)"
927,2023-06-23 15:41:05.617901,2527,"(44.7601, 103.663, -55.9985)","(0.0399431, 0.0768961, -0.996239)"
928,2023-06-23 15:41:05.639326,2527,"(44.714, 103.479, -55.7066)","(0.0407453, 0.0764065, -0.996244)"
929,2023-06-23 15:41:05.652627,2527,"(44.3501, 103.136, -55.4076)","(0.03956, 0.0743338, -0.996448)"
930,2023-06-23 15:41:05.668790,2527,"(44.1325, 102.802, -55.1598)","(0.0390902, 0.071606, -0.996667)"
931,2023-06-23 15:41:05.686591,2527,"(44.0761, 103.36, -56.4969)","(0.0386758, 0.0749472, -0.996437)"
932,2023-06-23 15:41:05.703346,2527,"(44.0783, 103.459, -56.2336)","(0.0393537, 0.07569, -0.996355)"
933,2023-06-23 15:41:05.721128,2527,"(43.947, 103.487, -55.9724)","(0.0392426, 0.0757578, -0.996354)"
934,2023-06-23 15:41:05.737271,2527,"(43.7469, 103.256, -55.7646)","(0.0388756, 0.0731945, -0.99656)"
935,2023-06-23 15:41:05.754325,2527,"(43.4338, 103.011, -55.5546)","(0.0377381, 0.0698417, -0.996844)"
936,2023-06-23 15:41:05.773211,2527,"(43.0059, 102.701, -55.44)","(0.0355668, 0.0639675, -0.997318)"
937,2023-06-23 15:41:05.790632,2527,"(42.5175, 102.173, -55.3854)","(0.0318068, 0.0554144, -0.997957)"
938,2023-06-23 15:41:05.807761,2527,"(42.0505, 101.753, -55.3007)","(0.0279876, 0.0484837, -0.998432)"
