,Time Stamp,Sensor 1,Sensor 2,Sensor 3,Sensor 4,Sensor 5,Sensor 6,Sensor 7,Sensor 8
0,2022-12-11 18:46:56.459108,"(37.05000305175781, 29.250001907348633, 101.88199615478516)","(30.450000762939453, 29.250001907348633, 77.68199920654297)","(29.700000762939453, 99.45000457763672, 111.0780029296875)","(16.350000381469727, 37.95000076293945, 124.62999725341797)","(70.05000305175781, 39.60000228881836, 88.5719985961914)","(116.25000762939453, 51.750003814697266, 94.62200164794922)","(20.25, 20.850000381469727, -7.986000061035156)","(47.55000305175781, 32.25, 21.053998947143555)"
1,2022-12-11 18:46:56.504546,"(36.0, 29.250001907348633, 103.57599639892578)","(30.600000381469727, 30.450000762939453, 77.197998046875)","(29.100000381469727, 98.55000305175781, 110.83599853515625)","(16.5, 38.400001525878906, 123.41999816894531)","(69.9000015258789, 39.45000076293945, 89.2979965209961)","(116.10000610351562, 51.900001525878906, 94.86399841308594)","(20.55000114440918, 20.100000381469727, -7.986000061035156)","(47.70000076293945, 31.500001907348633, 21.29599952697754)"
2,2022-12-11 18:46:56.594280,"(36.75, 29.250001907348633, 102.8499984741211)","(30.000001907348633, 30.450000762939453, 75.74600219726562)","(28.200000762939453, 97.80000305175781, 109.86799621582031)","(17.100000381469727, 38.25, 122.45199584960938)","(70.05000305175781, 39.45000076293945, 89.78199768066406)","(116.25000762939453, 52.05000305175781, 94.37999725341797)","(19.950000762939453, 20.700000762939453, -7.74399995803833)","(48.150001525878906, 31.200000762939453, 20.086000442504883)"
3,2022-12-11 18:46:56.683769,"(35.85000228881836, 28.05000114440918, 103.57599639892578)","(29.850000381469727, 30.000001907348633, 75.0199966430664)","(29.850000381469727, 100.20000457763672, 111.0780029296875)","(17.25, 37.5, 124.62999725341797)","(70.20000457763672, 39.75, 89.2979965209961)","(116.10000610351562, 51.900001525878906, 95.10600280761719)","(20.25, 21.0, -8.227999687194824)","(48.150001525878906, 31.950000762939453, 20.812000274658203)"
4,2022-12-11 18:46:56.685391,"(34.650001525878906, 28.05000114440918, 104.78600311279297)","(30.900001525878906, 31.05000114440918, 75.98799896240234)","(28.80000114440918, 98.25000762939453, 106.96399688720703)","(16.350000381469727, 38.25, 125.35600280761719)","(70.05000305175781, 39.150001525878906, 88.81400299072266)","(116.25000762939453, 52.05000305175781, 94.62200164794922)","(20.700000762939453, 21.30000114440918, -7.501999855041504)","(47.70000076293945, 31.500001907348633, 20.327999114990234)"
5,2022-12-11 18:46:56.774057,"(33.60000228881836, 30.000001907348633, 102.1240005493164)","(31.80000114440918, 29.700000762939453, 76.95600128173828)","(29.100000381469727, 99.75000762939453, 108.65799713134766)","(16.80000114440918, 36.60000228881836, 124.38800048828125)","(69.9000015258789, 39.30000305175781, 89.05599975585938)","(116.10000610351562, 51.750003814697266, 94.86399841308594)","(20.25, 21.0, -7.986000061035156)","(48.30000305175781, 31.80000114440918, 20.812000274658203)"
6,2022-12-11 18:46:56.819034,"(34.35000228881836, 28.80000114440918, 101.63999938964844)","(30.150001525878906, 30.750001907348633, 75.74600219726562)","(29.850000381469727, 99.75000762939453, 108.41600036621094)","(15.450000762939453, 36.0, 124.87200164794922)","(69.9000015258789, 39.150001525878906, 88.33000183105469)","(115.6500015258789, 52.05000305175781, 93.89599609375)","(21.30000114440918, 21.150001525878906, -6.776000022888184)","(48.30000305175781, 31.950000762939453, 21.053998947143555)"
7,2022-12-11 18:46:56.864145,"(35.70000076293945, 28.05000114440918, 103.33399963378906)","(30.900001525878906, 30.750001907348633, 74.052001953125)","(28.950000762939453, 100.6500015258789, 109.14199829101562)","(16.80000114440918, 37.5, 125.5979995727539)","(70.20000457763672, 39.30000305175781, 88.5719985961914)","(116.4000015258789, 51.900001525878906, 95.10600280761719)","(20.55000114440918, 20.850000381469727, -8.227999687194824)","(48.30000305175781, 31.950000762939453, 20.086000442504883)"
8,2022-12-11 18:46:56.954083,"(33.0, 28.950000762939453, 104.54399871826172)","(31.500001907348633, 30.150001525878906, 76.47200012207031)","(29.400001525878906, 99.30000305175781, 110.11000061035156)","(16.650001525878906, 37.80000305175781, 126.3239974975586)","(70.5, 39.45000076293945, 89.2979965209961)","(115.35000610351562, 51.900001525878906, 93.65399932861328)","(20.55000114440918, 21.150001525878906, -8.953999519348145)","(48.30000305175781, 31.80000114440918, 21.29599952697754)"
9,2022-12-11 18:46:56.999182,"(35.25, 29.850000381469727, 102.36599731445312)","(30.000001907348633, 29.700000762939453, 74.052001953125)","(29.100000381469727, 99.9000015258789, 109.38400268554688)","(16.5, 36.60000228881836, 122.45199584960938)","(70.35000610351562, 39.45000076293945, 88.81400299072266)","(115.95000457763672, 51.900001525878906, 94.37999725341797)","(20.700000762939453, 21.30000114440918, -8.711999893188477)","(47.55000305175781, 31.80000114440918, 20.56999969482422)"
10,2022-12-11 18:46:57.089049,"(33.900001525878906, 27.750001907348633, 103.81800079345703)","(29.700000762939453, 29.100000381469727, 73.56800079345703)","(29.100000381469727, 98.4000015258789, 105.99600219726562)","(16.05000114440918, 39.60000228881836, 125.5979995727539)","(70.20000457763672, 39.45000076293945, 88.81400299072266)","(116.10000610351562, 52.35000228881836, 94.37999725341797)","(21.0, 21.30000114440918, -7.259999752044678)","(48.30000305175781, 31.350000381469727, 21.29599952697754)"
11,2022-12-11 18:46:57.134377,"(35.10000228881836, 26.700000762939453, 103.57599639892578)","(30.000001907348633, 30.000001907348633, 76.95600128173828)","(29.400001525878906, 99.1500015258789, 107.93199920654297)","(15.300000190734863, 38.10000228881836, 126.08200073242188)","(70.05000305175781, 39.75, 88.81400299072266)","(115.80000305175781, 52.500003814697266, 94.86399841308594)","(20.400001525878906, 21.150001525878906, -8.470000267028809)","(48.30000305175781, 31.650001525878906, 21.29599952697754)"
12,2022-12-11 18:46:57.178986,"(34.95000076293945, 27.900001525878906, 102.36599731445312)","(29.55000114440918, 29.400001525878906, 75.74600219726562)","(28.950000762939453, 101.85000610351562, 107.93199920654297)","(16.650001525878906, 37.20000076293945, 126.56600189208984)","(69.9000015258789, 39.60000228881836, 88.81400299072266)","(116.10000610351562, 51.750003814697266, 94.13800048828125)","(21.75, 21.450000762939453, -7.74399995803833)","(48.60000228881836, 31.500001907348633, 20.086000442504883)"
13,2022-12-11 18:46:57.268989,"(35.70000076293945, 27.450000762939453, 102.8499984741211)","(29.55000114440918, 30.900001525878906, 77.68199920654297)","(28.650001525878906, 99.1500015258789, 108.17399597167969)","(17.25, 38.85000228881836, 124.14599609375)","(69.9000015258789, 39.45000076293945, 89.2979965209961)","(115.80000305175781, 52.20000076293945, 95.10600280761719)","(22.200000762939453, 21.30000114440918, -7.986000061035156)","(48.30000305175781, 32.10000228881836, 20.812000274658203)"
14,2022-12-11 18:46:57.313926,"(35.55000305175781, 27.450000762939453, 103.81800079345703)","(30.450000762939453, 30.30000114440918, 76.2300033569336)","(28.950000762939453, 99.45000457763672, 107.69000244140625)","(15.750000953674316, 37.05000305175781, 125.35600280761719)","(70.20000457763672, 39.75, 89.2979965209961)","(116.10000610351562, 52.35000228881836, 94.37999725341797)","(21.450000762939453, 21.600000381469727, -7.501999855041504)","(48.150001525878906, 31.950000762939453, 20.812000274658203)"
15,2022-12-11 18:46:57.359036,"(35.400001525878906, 27.450000762939453, 104.302001953125)","(30.30000114440918, 30.600000381469727, 75.98799896240234)","(28.950000762939453, 99.00000762939453, 109.38400268554688)","(17.700000762939453, 36.45000076293945, 124.87200164794922)","(70.05000305175781, 39.45000076293945, 89.2979965209961)","(116.4000015258789, 52.05000305175781, 94.37999725341797)","(20.55000114440918, 21.0, -8.227999687194824)","(48.30000305175781, 31.950000762939453, 21.053998947143555)"
16,2022-12-11 18:46:57.449087,"(33.30000305175781, 27.900001525878906, 104.54399871826172)","(30.450000762939453, 30.900001525878906, 76.47200012207031)","(30.600000381469727, 98.25000762939453, 109.86799621582031)","(14.700000762939453, 35.70000076293945, 126.3239974975586)","(70.20000457763672, 39.150001525878906, 89.05599975585938)","(115.80000305175781, 52.500003814697266, 94.62200164794922)","(21.30000114440918, 21.0, -7.74399995803833)","(48.45000076293945, 31.650001525878906, 20.56999969482422)"
17,2022-12-11 18:46:57.494162,"(36.150001525878906, 28.350000381469727, 103.09200286865234)","(29.850000381469727, 29.700000762939453, 79.3759994506836)","(28.950000762939453, 97.80000305175781, 108.41600036621094)","(16.200000762939453, 37.20000076293945, 126.80799865722656)","(70.05000305175781, 39.60000228881836, 88.81400299072266)","(116.25000762939453, 52.35000228881836, 93.65399932861328)","(20.400001525878906, 20.850000381469727, -8.227999687194824)","(48.60000228881836, 31.350000381469727, 20.812000274658203)"
18,2022-12-11 18:46:57.539400,"(35.400001525878906, 27.900001525878906, 102.1240005493164)","(30.900001525878906, 31.350000381469727, 75.98799896240234)","(29.100000381469727, 99.75000762939453, 108.9000015258789)","(16.5, 36.0, 125.5979995727539)","(69.9000015258789, 39.60000228881836, 89.05599975585938)","(115.95000457763672, 52.650001525878906, 94.37999725341797)","(20.100000381469727, 21.0, -8.227999687194824)","(48.30000305175781, 31.650001525878906, 21.538000106811523)"
19,2022-12-11 18:46:57.629127,"(35.10000228881836, 28.500001907348633, 103.57599639892578)","(29.100000381469727, 31.80000114440918, 76.95600128173828)","(29.400001525878906, 99.60000610351562, 109.6259994506836)","(16.650001525878906, 36.900001525878906, 125.5979995727539)","(69.75, 39.0, 88.81400299072266)","(116.4000015258789, 52.80000305175781, 94.62200164794922)","(21.450000762939453, 21.150001525878906, -7.501999855041504)","(48.900001525878906, 31.500001907348633, 20.812000274658203)"
20,2022-12-11 18:46:57.674114,"(34.650001525878906, 28.500001907348633, 102.8499984741211)","(30.900001525878906, 28.950000762939453, 75.98799896240234)","(28.950000762939453, 98.25000762939453, 108.65799713134766)","(13.950000762939453, 37.80000305175781, 124.62999725341797)","(70.35000610351562, 39.0, 89.78199768066406)","(115.95000457763672, 52.20000076293945, 95.58999633789062)","(20.55000114440918, 20.700000762939453, -8.953999519348145)","(48.60000228881836, 31.80000114440918, 20.327999114990234)"
21,2022-12-11 18:46:57.763891,"(34.95000076293945, 27.900001525878906, 104.302001953125)","(30.30000114440918, 29.400001525878906, 77.197998046875)","(29.700000762939453, 99.1500015258789, 108.65799713134766)","(16.650001525878906, 37.5, 128.01800537109375)","(69.75, 39.30000305175781, 89.2979965209961)","(115.95000457763672, 52.500003814697266, 95.58999633789062)","(21.150001525878906, 21.450000762939453, -8.227999687194824)","(48.30000305175781, 31.650001525878906, 20.56999969482422)"
22,2022-12-11 18:46:57.809180,"(35.55000305175781, 28.500001907348633, 107.447998046875)","(30.900001525878906, 31.05000114440918, 76.47200012207031)","(30.000001907348633, 99.9000015258789, 109.86799621582031)","(16.950000762939453, 37.80000305175781, 125.5979995727539)","(70.20000457763672, 40.05000305175781, 88.81400299072266)","(116.4000015258789, 53.10000228881836, 95.3479995727539)","(20.700000762939453, 20.55000114440918, -8.227999687194824)","(49.20000076293945, 32.10000228881836, 20.56999969482422)"
23,2022-12-11 18:46:57.854261,"(36.0, 28.350000381469727, 104.54399871826172)","(31.500001907348633, 29.400001525878906, 76.2300033569336)","(29.100000381469727, 99.1500015258789, 106.96399688720703)","(16.05000114440918, 37.05000305175781, 123.90399932861328)","(70.35000610351562, 39.75, 88.5719985961914)","(116.25000762939453, 52.500003814697266, 94.86399841308594)","(20.700000762939453, 20.700000762939453, -8.227999687194824)","(48.45000076293945, 31.650001525878906, 20.812000274658203)"
24,2022-12-11 18:46:57.944106,"(34.35000228881836, 28.05000114440918, 104.05999755859375)","(30.30000114440918, 29.700000762939453, 74.53600311279297)","(30.150001525878906, 99.45000457763672, 110.83599853515625)","(16.200000762939453, 37.95000076293945, 123.41999816894531)","(70.20000457763672, 39.150001525878906, 88.81400299072266)","(115.95000457763672, 52.80000305175781, 94.37999725341797)","(21.600000381469727, 20.400001525878906, -7.01800012588501)","(48.60000228881836, 31.950000762939453, 21.29599952697754)"
25,2022-12-11 18:46:57.989407,"(36.30000305175781, 28.200000762939453, 103.33399963378906)","(30.750001907348633, 31.950000762939453, 77.44000244140625)","(28.200000762939453, 99.45000457763672, 109.86799621582031)","(15.300000190734863, 37.05000305175781, 126.3239974975586)","(70.20000457763672, 39.75, 89.05599975585938)","(116.25000762939453, 53.400001525878906, 94.37999725341797)","(21.600000381469727, 21.900001525878906, -8.711999893188477)","(49.05000305175781, 31.650001525878906, 20.56999969482422)"
26,2022-12-11 18:46:58.034017,"(34.05000305175781, 29.100000381469727, 103.33399963378906)","(29.55000114440918, 31.500001907348633, 76.47200012207031)","(27.750001907348633, 98.85000610351562, 109.86799621582031)","(17.25, 37.05000305175781, 125.83999633789062)","(70.20000457763672, 39.45000076293945, 88.81400299072266)","(115.80000305175781, 53.55000305175781, 95.58999633789062)","(21.0, 21.900001525878906, -7.74399995803833)","(48.900001525878906, 31.80000114440918, 20.327999114990234)"
27,2022-12-11 18:46:58.124020,"(35.10000228881836, 29.100000381469727, 104.302001953125)","(29.700000762939453, 29.250001907348633, 74.29399871826172)","(30.150001525878906, 99.75000762939453, 110.11000061035156)","(16.350000381469727, 37.05000305175781, 124.14599609375)","(70.05000305175781, 39.60000228881836, 89.54000091552734)","(116.4000015258789, 53.55000305175781, 94.86399841308594)","(21.0, 21.900001525878906, -8.227999687194824)","(48.750003814697266, 31.80000114440918, 21.053998947143555)"
28,2022-12-11 18:46:58.169036,"(35.55000305175781, 27.750001907348633, 105.75399780273438)","(31.200000762939453, 32.400001525878906, 77.44000244140625)","(29.55000114440918, 99.75000762939453, 109.14199829101562)","(16.05000114440918, 37.650001525878906, 124.38800048828125)","(70.5, 39.75, 88.5719985961914)","(117.00000762939453, 53.400001525878906, 95.10600280761719)","(21.150001525878906, 21.0, -7.01800012588501)","(48.45000076293945, 31.500001907348633, 20.812000274658203)"
29,2022-12-11 18:46:58.259205,"(37.05000305175781, 31.500001907348633, 104.302001953125)","(31.05000114440918, 29.250001907348633, 77.197998046875)","(29.55000114440918, 99.1500015258789, 108.9000015258789)","(16.650001525878906, 37.35000228881836, 125.35600280761719)","(70.5, 39.900001525878906, 89.2979965209961)","(116.85000610351562, 53.55000305175781, 94.86399841308594)","(21.75, 20.700000762939453, -7.501999855041504)","(49.35000228881836, 31.650001525878906, 21.780000686645508)"
30,2022-12-11 18:46:58.303888,"(33.45000076293945, 28.650001525878906, 103.33399963378906)","(30.600000381469727, 31.05000114440918, 77.44000244140625)","(29.100000381469727, 100.05000305175781, 107.69000244140625)","(18.450000762939453, 38.85000228881836, 124.38800048828125)","(70.20000457763672, 39.45000076293945, 89.05599975585938)","(116.4000015258789, 53.55000305175781, 95.3479995727539)","(21.600000381469727, 20.850000381469727, -7.986000061035156)","(49.20000076293945, 31.950000762939453, 21.538000106811523)"
31,2022-12-11 18:46:58.394017,"(34.5, 27.600000381469727, 105.75399780273438)","(30.900001525878906, 30.30000114440918, 75.74600219726562)","(28.950000762939453, 100.95000457763672, 109.86799621582031)","(17.25, 38.400001525878906, 125.35600280761719)","(70.20000457763672, 39.900001525878906, 89.05599975585938)","(116.70000457763672, 52.95000076293945, 94.62200164794922)","(21.75, 21.450000762939453, -8.227999687194824)","(49.35000228881836, 31.500001907348633, 20.327999114990234)"
32,2022-12-11 18:46:58.439263,"(34.95000076293945, 29.700000762939453, 100.91400146484375)","(30.30000114440918, 30.150001525878906, 75.74600219726562)","(29.55000114440918, 99.00000762939453, 111.31999969482422)","(17.700000762939453, 37.95000076293945, 125.83999633789062)","(70.6500015258789, 39.60000228881836, 89.05599975585938)","(117.1500015258789, 52.95000076293945, 94.13800048828125)","(21.150001525878906, 21.0, -6.291999816894531)","(48.45000076293945, 31.200000762939453, 21.538000106811523)"
33,2022-12-11 18:46:58.483837,"(36.0, 27.30000114440918, 103.57599639892578)","(30.150001525878906, 30.600000381469727, 76.2300033569336)","(29.55000114440918, 96.9000015258789, 108.9000015258789)","(14.700000762939453, 36.60000228881836, 126.08200073242188)","(70.5, 39.30000305175781, 88.5719985961914)","(117.1500015258789, 53.10000228881836, 95.10600280761719)","(21.75, 21.30000114440918, -8.470000267028809)","(48.60000228881836, 30.600000381469727, 20.56999969482422)"
34,2022-12-11 18:46:58.529055,"(34.5, 27.750001907348633, 102.8499984741211)","(31.200000762939453, 31.950000762939453, 75.50399780273438)","(28.950000762939453, 98.55000305175781, 109.86799621582031)","(16.200000762939453, 35.70000076293945, 124.38800048828125)","(70.05000305175781, 39.150001525878906, 89.2979965209961)","(116.70000457763672, 52.95000076293945, 94.13800048828125)","(21.30000114440918, 20.700000762939453, -6.291999816894531)","(48.30000305175781, 31.500001907348633, 20.812000274658203)"
35,2022-12-11 18:46:58.618974,"(34.5, 29.700000762939453, 102.8499984741211)","(29.850000381469727, 31.650001525878906, 76.2300033569336)","(28.200000762939453, 98.70000457763672, 107.69000244140625)","(16.950000762939453, 38.400001525878906, 124.87200164794922)","(69.45000457763672, 39.30000305175781, 88.81400299072266)","(116.4000015258789, 52.95000076293945, 95.58999633789062)","(20.55000114440918, 20.700000762939453, -6.533999919891357)","(48.0, 31.80000114440918, 21.538000106811523)"
36,2022-12-11 18:46:58.663841,"(35.400001525878906, 28.80000114440918, 104.302001953125)","(29.400001525878906, 29.700000762939453, 75.98799896240234)","(28.950000762939453, 99.00000762939453, 110.59400177001953)","(16.350000381469727, 36.30000305175781, 123.90399932861328)","(69.75, 39.30000305175781, 88.5719985961914)","(115.6500015258789, 52.80000305175781, 94.62200164794922)","(21.150001525878906, 21.30000114440918, -7.259999752044678)","(48.60000228881836, 31.80000114440918, 20.56999969482422)"
37,2022-12-11 18:46:58.708972,"(37.05000305175781, 28.950000762939453, 103.09200286865234)","(30.150001525878906, 32.70000076293945, 75.26200103759766)","(28.950000762939453, 98.55000305175781, 107.447998046875)","(16.80000114440918, 35.85000228881836, 125.11399841308594)","(69.9000015258789, 39.75, 88.33000183105469)","(116.25000762939453, 52.95000076293945, 95.3479995727539)","(21.450000762939453, 20.850000381469727, -7.986000061035156)","(48.60000228881836, 31.350000381469727, 21.053998947143555)"
38,2022-12-11 18:46:58.798835,"(34.95000076293945, 28.200000762939453, 103.09200286865234)","(29.850000381469727, 29.850000381469727, 75.74600219726562)","(29.100000381469727, 98.10000610351562, 110.11000061035156)","(15.600000381469727, 36.45000076293945, 125.5979995727539)","(69.9000015258789, 39.45000076293945, 88.33000183105469)","(116.10000610351562, 52.35000228881836, 94.86399841308594)","(20.100000381469727, 21.30000114440918, -7.986000061035156)","(48.30000305175781, 31.500001907348633, 21.538000106811523)"
39,2022-12-11 18:46:58.844372,"(36.30000305175781, 28.200000762939453, 101.88199615478516)","(29.400001525878906, 28.500001907348633, 74.052001953125)","(28.950000762939453, 100.05000305175781, 108.17399597167969)","(16.5, 37.95000076293945, 124.87200164794922)","(69.9000015258789, 39.30000305175781, 88.81400299072266)","(116.55000305175781, 52.05000305175781, 94.37999725341797)","(20.850000381469727, 20.55000114440918, -8.227999687194824)","(48.150001525878906, 31.650001525878906, 20.56999969482422)"
40,2022-12-11 18:46:58.934029,"(34.95000076293945, 27.450000762939453, 101.88199615478516)","(28.650001525878906, 30.30000114440918, 77.44000244140625)","(28.500001907348633, 98.85000610351562, 109.14199829101562)","(16.350000381469727, 36.150001525878906, 124.62999725341797)","(70.80000305175781, 39.150001525878906, 89.54000091552734)","(115.80000305175781, 52.500003814697266, 94.13800048828125)","(21.30000114440918, 20.700000762939453, -8.227999687194824)","(48.30000305175781, 31.950000762939453, 20.812000274658203)"
41,2022-12-11 18:46:58.978872,"(36.0, 28.500001907348633, 103.57599639892578)","(30.600000381469727, 29.400001525878906, 76.95600128173828)","(29.400001525878906, 99.45000457763672, 108.9000015258789)","(16.350000381469727, 37.650001525878906, 125.35600280761719)","(70.05000305175781, 39.45000076293945, 89.2979965209961)","(116.10000610351562, 52.05000305175781, 95.10600280761719)","(20.25, 21.0, -7.986000061035156)","(47.55000305175781, 31.350000381469727, 21.053998947143555)"
42,2022-12-11 18:46:59.023953,"(35.70000076293945, 28.200000762939453, 102.36599731445312)","(30.900001525878906, 29.400001525878906, 73.56800079345703)","(29.400001525878906, 99.30000305175781, 110.59400177001953)","(16.5, 36.75, 126.56600189208984)","(70.35000610351562, 39.60000228881836, 88.81400299072266)","(116.55000305175781, 52.650001525878906, 95.3479995727539)","(20.700000762939453, 20.400001525878906, -7.01800012588501)","(47.85000228881836, 31.500001907348633, 20.327999114990234)"
43,2022-12-11 18:46:59.113830,"(35.400001525878906, 27.750001907348633, 103.57599639892578)","(31.950000762939453, 31.500001907348633, 77.92399597167969)","(29.700000762939453, 99.60000610351562, 107.69000244140625)","(16.5, 35.85000228881836, 123.90399932861328)","(70.05000305175781, 39.45000076293945, 88.5719985961914)","(116.25000762939453, 52.20000076293945, 94.37999725341797)","(20.55000114440918, 20.700000762939453, -7.74399995803833)","(47.400001525878906, 31.500001907348633, 20.086000442504883)"
44,2022-12-11 18:46:59.159126,"(35.55000305175781, 28.350000381469727, 103.33399963378906)","(30.750001907348633, 29.400001525878906, 77.68199920654297)","(30.150001525878906, 100.6500015258789, 110.11000061035156)","(17.25, 37.35000228881836, 125.11399841308594)","(70.20000457763672, 39.900001525878906, 89.05599975585938)","(115.6500015258789, 51.45000076293945, 94.37999725341797)","(20.400001525878906, 20.55000114440918, -7.74399995803833)","(47.85000228881836, 31.500001907348633, 20.812000274658203)"
45,2022-12-11 18:46:59.204084,"(34.95000076293945, 29.100000381469727, 104.54399871826172)","(32.10000228881836, 29.400001525878906, 76.2300033569336)","(29.100000381469727, 99.30000305175781, 106.96399688720703)","(16.950000762939453, 37.05000305175781, 126.56600189208984)","(70.35000610351562, 39.60000228881836, 88.81400299072266)","(115.50000762939453, 52.20000076293945, 94.62200164794922)","(20.55000114440918, 20.55000114440918, -7.259999752044678)","(48.0, 31.950000762939453, 20.56999969482422)"
46,2022-12-11 18:46:59.294324,"(36.45000076293945, 28.200000762939453, 104.302001953125)","(29.250001907348633, 30.450000762939453, 75.98799896240234)","(30.000001907348633, 99.00000762939453, 108.65799713134766)","(16.950000762939453, 37.5, 126.08200073242188)","(69.60000610351562, 39.45000076293945, 89.05599975585938)","(116.25000762939453, 51.900001525878906, 94.37999725341797)","(20.700000762939453, 21.150001525878906, -8.227999687194824)","(48.150001525878906, 31.200000762939453, 20.327999114990234)"
47,2022-12-11 18:46:59.338877,"(35.25, 26.700000762939453, 102.8499984741211)","(30.600000381469727, 29.850000381469727, 75.74600219726562)","(29.55000114440918, 100.80000305175781, 110.35199737548828)","(17.25, 37.05000305175781, 125.5979995727539)","(70.05000305175781, 38.85000228881836, 89.05599975585938)","(115.80000305175781, 52.20000076293945, 95.10600280761719)","(20.55000114440918, 20.25, -8.227999687194824)","(47.85000228881836, 31.80000114440918, 20.56999969482422)"
48,2022-12-11 18:46:59.429023,"(34.80000305175781, 27.450000762939453, 104.78600311279297)","(30.600000381469727, 29.700000762939453, 75.50399780273438)","(30.000001907348633, 99.1500015258789, 108.41600036621094)","(15.600000381469727, 39.0, 128.01800537109375)","(69.75, 39.45000076293945, 89.05599975585938)","(115.95000457763672, 51.45000076293945, 94.86399841308594)","(21.0, 20.55000114440918, -7.259999752044678)","(47.55000305175781, 31.80000114440918, 21.053998947143555)"
49,2022-12-11 18:46:59.473770,"(34.35000228881836, 29.250001907348633, 104.302001953125)","(30.600000381469727, 28.350000381469727, 77.44000244140625)","(27.600000381469727, 100.05000305175781, 107.93199920654297)","(16.80000114440918, 35.25, 123.90399932861328)","(70.05000305175781, 39.30000305175781, 88.5719985961914)","(115.80000305175781, 52.20000076293945, 94.86399841308594)","(20.400001525878906, 21.0, -8.711999893188477)","(48.150001525878906, 31.650001525878906, 20.327999114990234)"
50,2022-12-11 18:46:59.518941,"(34.650001525878906, 29.250001907348633, 104.302001953125)","(30.600000381469727, 29.850000381469727, 75.50399780273438)","(29.850000381469727, 100.50000762939453, 109.38400268554688)","(17.100000381469727, 37.20000076293945, 125.5979995727539)","(69.75, 39.150001525878906, 89.2979965209961)","(116.25000762939453, 52.05000305175781, 94.62200164794922)","(20.100000381469727, 20.55000114440918, -7.986000061035156)","(47.70000076293945, 31.950000762939453, 20.327999114990234)"
51,2022-12-11 18:46:59.608966,"(35.85000228881836, 28.650001525878906, 103.09200286865234)","(29.850000381469727, 29.700000762939453, 73.80999755859375)","(30.000001907348633, 99.30000305175781, 109.38400268554688)","(15.450000762939453, 37.80000305175781, 126.08200073242188)","(69.9000015258789, 39.30000305175781, 89.2979965209961)","(116.4000015258789, 51.60000228881836, 95.10600280761719)","(21.600000381469727, 20.55000114440918, -7.501999855041504)","(47.55000305175781, 31.650001525878906, 19.601999282836914)"
52,2022-12-11 18:46:59.653871,"(34.05000305175781, 28.350000381469727, 103.09200286865234)","(30.600000381469727, 30.000001907348633, 75.74600219726562)","(30.900001525878906, 98.85000610351562, 109.38400268554688)","(17.25, 35.70000076293945, 124.62999725341797)","(70.20000457763672, 39.60000228881836, 88.81400299072266)","(115.35000610351562, 51.900001525878906, 93.89599609375)","(21.0, 20.850000381469727, -7.74399995803833)","(48.150001525878906, 32.25, 20.812000274658203)"
53,2022-12-11 18:46:59.699186,"(34.05000305175781, 27.750001907348633, 102.60800170898438)","(30.000001907348633, 30.150001525878906, 76.2300033569336)","(29.700000762939453, 99.45000457763672, 108.65799713134766)","(17.400001525878906, 37.80000305175781, 124.62999725341797)","(69.9000015258789, 39.30000305175781, 88.81400299072266)","(115.95000457763672, 52.05000305175781, 94.62200164794922)","(20.55000114440918, 20.100000381469727, -6.776000022888184)","(47.400001525878906, 32.25, 20.086000442504883)"
54,2022-12-11 18:46:59.788960,"(35.55000305175781, 27.600000381469727, 102.1240005493164)","(30.000001907348633, 29.100000381469727, 75.50399780273438)","(28.05000114440918, 98.10000610351562, 107.93199920654297)","(18.0, 37.05000305175781, 126.80799865722656)","(69.9000015258789, 39.30000305175781, 89.05599975585938)","(115.50000762939453, 51.60000228881836, 95.3479995727539)","(21.150001525878906, 21.450000762939453, -7.986000061035156)","(47.55000305175781, 31.80000114440918, 20.086000442504883)"
55,2022-12-11 18:46:59.833976,"(34.95000076293945, 28.950000762939453, 103.33399963378906)","(30.600000381469727, 29.400001525878906, 74.77799987792969)","(28.350000381469727, 99.9000015258789, 107.93199920654297)","(15.600000381469727, 35.400001525878906, 124.14599609375)","(70.35000610351562, 39.60000228881836, 88.5719985961914)","(115.80000305175781, 51.45000076293945, 95.3479995727539)","(20.55000114440918, 20.55000114440918, -8.470000267028809)","(47.25, 31.650001525878906, 20.812000274658203)"
56,2022-12-11 18:46:59.878683,"(35.25, 29.100000381469727, 101.39800262451172)","(30.450000762939453, 30.000001907348633, 75.0199966430664)","(28.80000114440918, 99.30000305175781, 110.11000061035156)","(16.650001525878906, 36.60000228881836, 122.93599700927734)","(70.05000305175781, 39.30000305175781, 89.05599975585938)","(115.80000305175781, 52.20000076293945, 95.10600280761719)","(20.850000381469727, 20.55000114440918, -7.259999752044678)","(48.150001525878906, 31.500001907348633, 21.29599952697754)"
57,2022-12-11 18:46:59.968931,"(36.0, 28.05000114440918, 102.60800170898438)","(31.650001525878906, 30.000001907348633, 76.47200012207031)","(29.850000381469727, 99.60000610351562, 110.59400177001953)","(18.0, 37.05000305175781, 123.1780014038086)","(70.35000610351562, 38.55000305175781, 88.81400299072266)","(115.50000762939453, 51.750003814697266, 95.58999633789062)","(20.850000381469727, 20.55000114440918, -6.776000022888184)","(48.0, 31.80000114440918, 20.327999114990234)"
58,2022-12-11 18:47:00.013789,"(35.85000228881836, 28.350000381469727, 101.39800262451172)","(29.55000114440918, 30.150001525878906, 75.74600219726562)","(28.950000762939453, 99.1500015258789, 109.14199829101562)","(16.80000114440918, 36.900001525878906, 126.08200073242188)","(69.75, 39.60000228881836, 89.05599975585938)","(116.70000457763672, 51.900001525878906, 94.86399841308594)","(20.25, 20.400001525878906, -7.259999752044678)","(47.70000076293945, 32.10000228881836, 19.601999282836914)"
59,2022-12-11 18:47:00.103831,"(35.85000228881836, 28.500001907348633, 105.02799987792969)","(31.500001907348633, 30.450000762939453, 76.71399688720703)","(28.500001907348633, 99.45000457763672, 108.9000015258789)","(16.650001525878906, 36.150001525878906, 125.5979995727539)","(70.05000305175781, 39.30000305175781, 89.54000091552734)","(116.10000610351562, 51.30000305175781, 94.86399841308594)","(21.150001525878906, 21.150001525878906, -8.953999519348145)","(48.150001525878906, 31.80000114440918, 20.812000274658203)"
60,2022-12-11 18:47:00.150282,"(35.10000228881836, 29.250001907348633, 102.60800170898438)","(31.650001525878906, 30.600000381469727, 75.74600219726562)","(30.000001907348633, 99.45000457763672, 108.9000015258789)","(16.350000381469727, 36.150001525878906, 127.05000305175781)","(70.05000305175781, 39.45000076293945, 88.81400299072266)","(115.95000457763672, 51.900001525878906, 95.10600280761719)","(21.0, 20.400001525878906, -8.711999893188477)","(47.85000228881836, 31.350000381469727, 20.56999969482422)"
61,2022-12-11 18:47:00.193859,"(35.85000228881836, 27.000001907348633, 105.2699966430664)","(29.850000381469727, 31.200000762939453, 76.2300033569336)","(29.250001907348633, 99.1500015258789, 108.41600036621094)","(16.80000114440918, 35.10000228881836, 125.11399841308594)","(70.05000305175781, 39.30000305175781, 88.5719985961914)","(115.95000457763672, 51.60000228881836, 95.58999633789062)","(20.850000381469727, 21.600000381469727, -8.227999687194824)","(47.55000305175781, 31.500001907348633, 19.601999282836914)"
62,2022-12-11 18:47:00.283861,"(35.85000228881836, 28.200000762939453, 99.46199798583984)","(30.900001525878906, 28.200000762939453, 75.74600219726562)","(28.950000762939453, 100.20000457763672, 109.38400268554688)","(17.850000381469727, 36.45000076293945, 124.62999725341797)","(70.20000457763672, 39.150001525878906, 89.05599975585938)","(115.95000457763672, 51.60000228881836, 95.10600280761719)","(21.0, 20.850000381469727, -7.501999855041504)","(47.55000305175781, 31.500001907348633, 20.086000442504883)"
63,2022-12-11 18:47:00.328979,"(36.900001525878906, 29.700000762939453, 103.09200286865234)","(30.600000381469727, 30.600000381469727, 76.71399688720703)","(28.200000762939453, 99.60000610351562, 110.11000061035156)","(17.100000381469727, 37.95000076293945, 124.62999725341797)","(70.05000305175781, 39.30000305175781, 89.2979965209961)","(115.6500015258789, 51.60000228881836, 94.86399841308594)","(20.850000381469727, 20.400001525878906, -7.259999752044678)","(48.0, 31.950000762939453, 21.053998947143555)"
64,2022-12-11 18:47:00.374005,"(36.0, 29.250001907348633, 104.54399871826172)","(30.000001907348633, 30.30000114440918, 77.44000244140625)","(30.450000762939453, 99.75000762939453, 107.20600128173828)","(19.200000762939453, 36.45000076293945, 126.56600189208984)","(69.75, 39.60000228881836, 89.54000091552734)","(115.35000610351562, 51.45000076293945, 95.58999633789062)","(20.700000762939453, 21.450000762939453, -8.227999687194824)","(47.70000076293945, 31.500001907348633, 20.812000274658203)"
65,2022-12-11 18:47:00.463900,"(36.150001525878906, 27.750001907348633, 102.36599731445312)","(31.05000114440918, 30.600000381469727, 76.47200012207031)","(28.80000114440918, 99.1500015258789, 107.447998046875)","(17.700000762939453, 36.45000076293945, 125.5979995727539)","(70.20000457763672, 39.150001525878906, 88.81400299072266)","(115.80000305175781, 51.150001525878906, 94.62200164794922)","(20.55000114440918, 21.75, -8.227999687194824)","(47.70000076293945, 31.950000762939453, 21.053998947143555)"
66,2022-12-11 18:47:00.509004,"(36.150001525878906, 28.950000762939453, 105.2699966430664)","(31.05000114440918, 31.650001525878906, 77.197998046875)","(29.100000381469727, 100.35000610351562, 109.14199829101562)","(16.80000114440918, 38.70000076293945, 125.83999633789062)","(70.20000457763672, 39.45000076293945, 89.05599975585938)","(116.10000610351562, 51.60000228881836, 95.10600280761719)","(20.400001525878906, 20.55000114440918, -7.986000061035156)","(47.70000076293945, 31.500001907348633, 19.360000610351562)"
67,2022-12-11 18:47:00.599347,"(35.400001525878906, 28.500001907348633, 101.88199615478516)","(32.25, 30.750001907348633, 75.0199966430664)","(31.200000762939453, 98.4000015258789, 109.86799621582031)","(17.700000762939453, 37.5, 123.66200256347656)","(70.05000305175781, 39.30000305175781, 89.05599975585938)","(115.6500015258789, 51.750003814697266, 94.62200164794922)","(20.850000381469727, 20.25, -7.74399995803833)","(47.25, 31.350000381469727, 20.327999114990234)"
68,2022-12-11 18:47:00.644020,"(36.0, 29.700000762939453, 101.63999938964844)","(29.400001525878906, 30.750001907348633, 77.197998046875)","(29.100000381469727, 100.05000305175781, 109.14199829101562)","(16.950000762939453, 37.80000305175781, 125.5979995727539)","(70.20000457763672, 39.60000228881836, 88.81400299072266)","(115.50000762939453, 51.30000305175781, 94.62200164794922)","(20.100000381469727, 19.950000762939453, -7.501999855041504)","(47.25, 31.500001907348633, 21.053998947143555)"
69,2022-12-11 18:47:00.689105,"(33.150001525878906, 28.500001907348633, 103.33399963378906)","(30.450000762939453, 31.650001525878906, 76.47200012207031)","(28.200000762939453, 99.1500015258789, 109.14199829101562)","(17.100000381469727, 36.45000076293945, 124.14599609375)","(69.60000610351562, 39.45000076293945, 88.81400299072266)","(114.75000762939453, 50.250003814697266, 94.86399841308594)","(20.850000381469727, 20.850000381469727, -7.74399995803833)","(47.25, 31.500001907348633, 21.053998947143555)"
70,2022-12-11 18:47:00.778934,"(36.150001525878906, 28.950000762939453, 105.2699966430664)","(30.750001907348633, 29.850000381469727, 74.77799987792969)","(31.950000762939453, 98.85000610351562, 111.0780029296875)","(17.400001525878906, 37.05000305175781, 124.62999725341797)","(70.5, 39.45000076293945, 89.05599975585938)","(115.50000762939453, 51.60000228881836, 94.62200164794922)","(20.400001525878906, 21.150001525878906, -7.01800012588501)","(47.70000076293945, 31.350000381469727, 20.56999969482422)"
71,2022-12-11 18:47:00.823940,"(34.05000305175781, 28.950000762939453, 103.81800079345703)","(31.05000114440918, 29.100000381469727, 78.16600036621094)","(28.80000114440918, 99.1500015258789, 109.38400268554688)","(16.650001525878906, 37.5, 123.1780014038086)","(70.05000305175781, 39.0, 89.2979965209961)","(115.6500015258789, 51.60000228881836, 95.58999633789062)","(20.700000762939453, 20.850000381469727, -8.470000267028809)","(46.80000305175781, 31.500001907348633, 20.327999114990234)"
72,2022-12-11 18:47:00.868910,"(34.05000305175781, 29.250001907348633, 104.78600311279297)","(31.05000114440918, 30.600000381469727, 76.2300033569336)","(28.80000114440918, 98.4000015258789, 109.38400268554688)","(15.600000381469727, 37.650001525878906, 125.83999633789062)","(69.60000610351562, 39.30000305175781, 88.81400299072266)","(115.80000305175781, 51.45000076293945, 95.83200073242188)","(20.25, 19.650001525878906, -8.470000267028809)","(47.70000076293945, 31.200000762939453, 20.812000274658203)"
73,2022-12-11 18:47:00.958889,"(35.25, 28.650001525878906, 103.57599639892578)","(30.600000381469727, 31.500001907348633, 73.32599639892578)","(27.600000381469727, 99.30000305175781, 109.14199829101562)","(17.100000381469727, 37.35000228881836, 125.83999633789062)","(69.9000015258789, 39.45000076293945, 89.54000091552734)","(115.50000762939453, 51.45000076293945, 94.13800048828125)","(20.700000762939453, 20.25, -7.986000061035156)","(46.650001525878906, 31.650001525878906, 21.053998947143555)"
74,2022-12-11 18:47:01.004300,"(34.95000076293945, 29.250001907348633, 104.302001953125)","(31.05000114440918, 31.05000114440918, 76.47200012207031)","(28.950000762939453, 101.4000015258789, 111.56199645996094)","(16.05000114440918, 35.70000076293945, 125.5979995727539)","(70.05000305175781, 39.0, 89.2979965209961)","(115.05000305175781, 50.55000305175781, 94.86399841308594)","(20.25, 20.55000114440918, -7.01800012588501)","(47.10000228881836, 31.350000381469727, 21.538000106811523)"
75,2022-12-11 18:47:01.049044,"(34.35000228881836, 28.950000762939453, 101.39800262451172)","(30.750001907348633, 30.750001907348633, 75.50399780273438)","(30.900001525878906, 100.80000305175781, 107.93199920654297)","(17.25, 37.20000076293945, 123.90399932861328)","(70.05000305175781, 39.45000076293945, 89.54000091552734)","(115.6500015258789, 50.55000305175781, 94.86399841308594)","(19.950000762939453, 20.400001525878906, -7.01800012588501)","(47.25, 31.350000381469727, 20.56999969482422)"
76,2022-12-11 18:47:01.138979,"(35.400001525878906, 28.200000762939453, 102.8499984741211)","(29.850000381469727, 29.55000114440918, 75.26200103759766)","(30.000001907348633, 98.25000762939453, 108.9000015258789)","(16.80000114440918, 37.05000305175781, 125.5979995727539)","(69.60000610351562, 39.45000076293945, 89.05599975585938)","(115.20000457763672, 50.85000228881836, 94.13800048828125)","(20.25, 20.55000114440918, -8.227999687194824)","(47.10000228881836, 31.350000381469727, 20.812000274658203)"
77,2022-12-11 18:47:01.183839,"(34.650001525878906, 26.55000114440918, 103.81800079345703)","(30.750001907348633, 30.750001907348633, 77.44000244140625)","(30.150001525878906, 99.1500015258789, 108.65799713134766)","(17.55000114440918, 35.85000228881836, 124.62999725341797)","(69.9000015258789, 38.85000228881836, 89.05599975585938)","(115.35000610351562, 50.85000228881836, 94.86399841308594)","(20.25, 20.850000381469727, -8.227999687194824)","(47.25, 31.350000381469727, 20.56999969482422)"
78,2022-12-11 18:47:01.273964,"(35.25, 28.05000114440918, 104.302001953125)","(30.900001525878906, 30.450000762939453, 74.052001953125)","(30.900001525878906, 97.80000305175781, 109.14199829101562)","(16.350000381469727, 37.650001525878906, 126.56600189208984)","(70.20000457763672, 39.45000076293945, 89.2979965209961)","(115.05000305175781, 50.55000305175781, 94.62200164794922)","(21.450000762939453, 19.80000114440918, -7.01800012588501)","(47.400001525878906, 31.80000114440918, 20.812000274658203)"
79,2022-12-11 18:47:01.318732,"(35.400001525878906, 28.500001907348633, 105.02799987792969)","(29.850000381469727, 30.600000381469727, 76.47200012207031)","(29.55000114440918, 99.9000015258789, 109.14199829101562)","(15.600000381469727, 36.75, 124.87200164794922)","(70.05000305175781, 39.150001525878906, 89.78199768066406)","(116.10000610351562, 50.55000305175781, 95.3479995727539)","(20.55000114440918, 20.25, -7.259999752044678)","(47.25, 31.650001525878906, 20.812000274658203)"
80,2022-12-11 18:47:01.363976,"(35.85000228881836, 29.700000762939453, 102.1240005493164)","(29.700000762939453, 29.250001907348633, 76.47200012207031)","(29.55000114440918, 99.75000762939453, 108.9000015258789)","(15.300000190734863, 36.30000305175781, 125.11399841308594)","(70.6500015258789, 39.150001525878906, 89.54000091552734)","(115.50000762939453, 51.30000305175781, 95.58999633789062)","(20.55000114440918, 19.650001525878906, -6.776000022888184)","(46.95000076293945, 31.500001907348633, 20.086000442504883)"
81,2022-12-11 18:47:01.498191,"(34.95000076293945, 28.650001525878906, 100.18799591064453)","(28.80000114440918, 30.000001907348633, 75.98799896240234)","(29.55000114440918, 98.85000610351562, 108.9000015258789)","(15.90000057220459, 37.80000305175781, 124.87200164794922)","(69.9000015258789, 39.0, 89.54000091552734)","(115.20000457763672, 50.55000305175781, 95.10600280761719)","(20.700000762939453, 20.25, -7.986000061035156)","(47.10000228881836, 31.350000381469727, 19.601999282836914)"
82,2022-12-11 18:47:01.499361,"(35.10000228881836, 28.350000381469727, 104.78600311279297)","(31.200000762939453, 29.850000381469727, 74.29399871826172)","(30.000001907348633, 97.50000762939453, 109.6259994506836)","(18.0, 37.650001525878906, 123.1780014038086)","(70.20000457763672, 39.0, 89.2979965209961)","(115.80000305175781, 50.85000228881836, 95.10600280761719)","(20.400001525878906, 21.600000381469727, -7.986000061035156)","(47.400001525878906, 31.500001907348633, 21.053998947143555)"
83,2022-12-11 18:47:01.543792,"(36.0, 28.950000762939453, 103.57599639892578)","(30.000001907348633, 30.150001525878906, 75.26200103759766)","(30.150001525878906, 99.75000762939453, 108.9000015258789)","(15.300000190734863, 36.60000228881836, 123.41999816894531)","(69.75, 39.60000228881836, 88.5719985961914)","(115.80000305175781, 51.150001525878906, 95.10600280761719)","(21.0, 20.850000381469727, -6.776000022888184)","(47.10000228881836, 31.350000381469727, 20.812000274658203)"
84,2022-12-11 18:47:01.634073,"(35.85000228881836, 29.250001907348633, 103.33399963378906)","(30.150001525878906, 29.700000762939453, 75.74600219726562)","(30.000001907348633, 99.00000762939453, 109.86799621582031)","(16.80000114440918, 37.35000228881836, 125.83999633789062)","(69.9000015258789, 39.30000305175781, 88.81400299072266)","(115.35000610351562, 50.85000228881836, 94.86399841308594)","(21.150001525878906, 21.150001525878906, -7.501999855041504)","(46.95000076293945, 31.650001525878906, 20.812000274658203)"
85,2022-12-11 18:47:01.678947,"(37.35000228881836, 27.30000114440918, 104.78600311279297)","(30.150001525878906, 29.400001525878906, 75.50399780273438)","(28.80000114440918, 98.70000457763672, 107.93199920654297)","(16.650001525878906, 37.650001525878906, 124.87200164794922)","(70.05000305175781, 39.150001525878906, 89.05599975585938)","(114.9000015258789, 51.000003814697266, 96.0739974975586)","(19.950000762939453, 20.850000381469727, -6.533999919891357)","(47.400001525878906, 31.200000762939453, 20.812000274658203)"
86,2022-12-11 18:47:01.768998,"(34.35000228881836, 28.05000114440918, 103.09200286865234)","(30.450000762939453, 30.900001525878906, 77.44000244140625)","(30.150001525878906, 99.45000457763672, 109.14199829101562)","(16.650001525878906, 36.30000305175781, 126.3239974975586)","(70.05000305175781, 39.45000076293945, 89.54000091552734)","(115.35000610351562, 51.45000076293945, 95.3479995727539)","(20.55000114440918, 20.100000381469727, -8.227999687194824)","(46.95000076293945, 31.350000381469727, 21.053998947143555)"
87,2022-12-11 18:47:01.813973,"(35.400001525878906, 27.150001525878906, 100.43000030517578)","(29.850000381469727, 29.850000381469727, 75.26200103759766)","(29.250001907348633, 98.70000457763672, 109.38400268554688)","(16.950000762939453, 37.650001525878906, 126.08200073242188)","(69.9000015258789, 39.0, 89.05599975585938)","(115.95000457763672, 50.70000076293945, 95.3479995727539)","(20.55000114440918, 20.400001525878906, -7.259999752044678)","(47.400001525878906, 31.500001907348633, 20.812000274658203)"
88,2022-12-11 18:47:01.859385,"(34.80000305175781, 27.450000762939453, 102.8499984741211)","(31.950000762939453, 30.750001907348633, 78.40799713134766)","(30.000001907348633, 99.75000762939453, 108.65799713134766)","(15.450000762939453, 38.25, 124.62999725341797)","(70.20000457763672, 39.30000305175781, 88.5719985961914)","(115.50000762939453, 50.70000076293945, 94.86399841308594)","(20.400001525878906, 20.25, -7.74399995803833)","(47.400001525878906, 31.80000114440918, 20.812000274658203)"
89,2022-12-11 18:47:01.949094,"(34.35000228881836, 25.80000114440918, 102.60800170898438)","(30.600000381469727, 29.700000762939453, 74.77799987792969)","(30.900001525878906, 98.25000762939453, 110.35199737548828)","(16.80000114440918, 38.400001525878906, 127.05000305175781)","(70.05000305175781, 39.150001525878906, 89.2979965209961)","(115.05000305175781, 50.70000076293945, 95.83200073242188)","(20.55000114440918, 19.950000762939453, -6.533999919891357)","(47.400001525878906, 31.200000762939453, 20.56999969482422)"
90,2022-12-11 18:47:01.994109,"(34.35000228881836, 28.200000762939453, 104.05999755859375)","(30.450000762939453, 30.000001907348633, 75.74600219726562)","(29.55000114440918, 99.30000305175781, 110.11000061035156)","(16.05000114440918, 37.05000305175781, 125.11399841308594)","(69.9000015258789, 38.85000228881836, 89.78199768066406)","(115.35000610351562, 50.70000076293945, 94.86399841308594)","(20.700000762939453, 19.950000762939453, -6.776000022888184)","(46.80000305175781, 31.950000762939453, 20.812000274658203)"
91,2022-12-11 18:47:02.039295,"(34.35000228881836, 28.200000762939453, 102.8499984741211)","(31.500001907348633, 29.100000381469727, 74.052001953125)","(30.450000762939453, 100.05000305175781, 107.93199920654297)","(15.450000762939453, 36.900001525878906, 126.3239974975586)","(70.05000305175781, 39.150001525878906, 89.78199768066406)","(116.10000610351562, 50.70000076293945, 94.86399841308594)","(20.55000114440918, 19.950000762939453, -6.776000022888184)","(46.95000076293945, 32.10000228881836, 21.053998947143555)"
92,2022-12-11 18:47:02.129271,"(36.0, 28.350000381469727, 100.91400146484375)","(31.200000762939453, 30.750001907348633, 74.052001953125)","(28.80000114440918, 97.80000305175781, 108.65799713134766)","(16.5, 36.60000228881836, 125.5979995727539)","(70.20000457763672, 39.150001525878906, 89.2979965209961)","(114.9000015258789, 50.55000305175781, 95.83200073242188)","(20.25, 20.25, -7.259999752044678)","(46.80000305175781, 31.200000762939453, 20.56999969482422)"
93,2022-12-11 18:47:02.174026,"(35.10000228881836, 27.750001907348633, 103.33399963378906)","(31.05000114440918, 31.05000114440918, 75.74600219726562)","(30.30000114440918, 98.85000610351562, 108.17399597167969)","(16.200000762939453, 37.80000305175781, 126.80799865722656)","(70.5, 38.70000076293945, 89.2979965209961)","(115.20000457763672, 51.30000305175781, 95.3479995727539)","(20.25, 20.850000381469727, -7.01800012588501)","(46.80000305175781, 31.650001525878906, 20.812000274658203)"
94,2022-12-11 18:47:02.218888,"(35.55000305175781, 27.30000114440918, 103.33399963378906)","(32.25, 29.400001525878906, 73.56800079345703)","(30.150001525878906, 99.75000762939453, 108.65799713134766)","(16.650001525878906, 37.20000076293945, 124.87200164794922)","(70.35000610351562, 39.150001525878906, 89.2979965209961)","(116.25000762939453, 51.000003814697266, 95.10600280761719)","(21.450000762939453, 20.850000381469727, -7.986000061035156)","(47.10000228881836, 31.500001907348633, 20.327999114990234)"
95,2022-12-11 18:47:02.309154,"(35.85000228881836, 28.80000114440918, 103.33399963378906)","(30.000001907348633, 30.750001907348633, 75.50399780273438)","(29.400001525878906, 99.1500015258789, 111.31999969482422)","(14.550000190734863, 36.900001525878906, 124.38800048828125)","(70.35000610351562, 39.150001525878906, 88.81400299072266)","(115.20000457763672, 50.55000305175781, 95.10600280761719)","(20.850000381469727, 19.650001525878906, -7.986000061035156)","(47.25, 31.80000114440918, 20.812000274658203)"
96,2022-12-11 18:47:02.354115,"(34.650001525878906, 26.55000114440918, 100.43000030517578)","(28.500001907348633, 30.150001525878906, 75.50399780273438)","(29.700000762939453, 98.55000305175781, 109.6259994506836)","(16.950000762939453, 38.10000228881836, 124.38800048828125)","(70.35000610351562, 39.0, 89.2979965209961)","(115.80000305175781, 51.60000228881836, 94.86399841308594)","(20.400001525878906, 19.950000762939453, -8.227999687194824)","(47.400001525878906, 31.200000762939453, 20.327999114990234)"
97,2022-12-11 18:47:02.444061,"(35.10000228881836, 27.750001907348633, 102.60800170898438)","(30.900001525878906, 32.10000228881836, 75.0199966430664)","(30.30000114440918, 99.1500015258789, 109.6259994506836)","(17.850000381469727, 37.20000076293945, 124.38800048828125)","(69.9000015258789, 39.150001525878906, 89.2979965209961)","(115.80000305175781, 51.150001525878906, 95.10600280761719)","(20.400001525878906, 20.400001525878906, -8.953999519348145)","(47.25, 31.650001525878906, 20.56999969482422)"
98,2022-12-11 18:47:02.489149,"(35.25, 27.30000114440918, 102.8499984741211)","(31.200000762939453, 29.700000762939453, 77.92399597167969)","(28.650001525878906, 97.80000305175781, 109.86799621582031)","(18.30000114440918, 37.20000076293945, 126.56600189208984)","(70.20000457763672, 39.150001525878906, 89.54000091552734)","(115.50000762939453, 50.55000305175781, 95.10600280761719)","(20.850000381469727, 20.850000381469727, -6.776000022888184)","(46.80000305175781, 31.80000114440918, 20.56999969482422)"
99,2022-12-11 18:47:02.534311,"(36.75, 28.350000381469727, 103.81800079345703)","(30.30000114440918, 31.05000114440918, 79.3759994506836)","(28.950000762939453, 98.70000457763672, 109.14199829101562)","(15.90000057220459, 36.30000305175781, 125.35600280761719)","(69.9000015258789, 39.30000305175781, 89.05599975585938)","(115.35000610351562, 50.85000228881836, 95.83200073242188)","(20.55000114440918, 20.700000762939453, -7.501999855041504)","(47.25, 31.650001525878906, 21.053998947143555)"
100,2022-12-11 18:47:02.669088,"(34.95000076293945, 28.80000114440918, 103.09200286865234)","(30.600000381469727, 31.200000762939453, 75.50399780273438)","(30.600000381469727, 99.00000762939453, 107.93199920654297)","(16.5, 37.80000305175781, 125.5979995727539)","(70.05000305175781, 39.150001525878906, 89.54000091552734)","(115.05000305175781, 49.95000076293945, 95.3479995727539)","(20.700000762939453, 20.400001525878906, -6.533999919891357)","(47.10000228881836, 31.80000114440918, 20.56999969482422)"
101,2022-12-11 18:47:02.670176,"(36.150001525878906, 28.350000381469727, 102.1240005493164)","(29.700000762939453, 30.900001525878906, 73.32599639892578)","(29.250001907348633, 98.55000305175781, 106.72200012207031)","(16.5, 36.150001525878906, 122.93599700927734)","(70.05000305175781, 39.60000228881836, 88.5719985961914)","(116.10000610351562, 50.85000228881836, 94.86399841308594)","(21.0, 21.0, -6.776000022888184)","(46.5, 32.10000228881836, 19.8439998626709)"
102,2022-12-11 18:47:02.713795,"(34.5, 29.700000762939453, 105.2699966430664)","(30.30000114440918, 30.900001525878906, 74.29399871826172)","(29.55000114440918, 100.20000457763672, 107.20600128173828)","(15.450000762939453, 37.650001525878906, 123.90399932861328)","(69.75, 39.150001525878906, 89.2979965209961)","(115.6500015258789, 51.30000305175781, 95.10600280761719)","(21.0, 19.950000762939453, -6.050000190734863)","(47.10000228881836, 31.350000381469727, 21.538000106811523)"
103,2022-12-11 18:47:02.804033,"(36.900001525878906, 28.500001907348633, 102.1240005493164)","(31.05000114440918, 30.000001907348633, 74.052001953125)","(29.55000114440918, 96.9000015258789, 108.9000015258789)","(16.80000114440918, 37.5, 124.38800048828125)","(70.20000457763672, 39.150001525878906, 89.2979965209961)","(115.50000762939453, 51.30000305175781, 94.62200164794922)","(21.450000762939453, 20.25, -7.259999752044678)","(46.95000076293945, 31.500001907348633, 20.086000442504883)"
104,2022-12-11 18:47:02.849058,"(34.650001525878906, 28.350000381469727, 101.39800262451172)","(28.80000114440918, 29.250001907348633, 74.052001953125)","(29.850000381469727, 99.45000457763672, 106.72200012207031)","(16.350000381469727, 37.20000076293945, 126.08200073242188)","(70.05000305175781, 38.85000228881836, 89.2979965209961)","(115.05000305175781, 50.55000305175781, 95.58999633789062)","(20.700000762939453, 21.0, -7.986000061035156)","(46.650001525878906, 31.950000762939453, 20.327999114990234)"
105,2022-12-11 18:47:02.939124,"(34.95000076293945, 29.850000381469727, 103.57599639892578)","(30.000001907348633, 30.30000114440918, 75.98799896240234)","(30.150001525878906, 101.10000610351562, 108.9000015258789)","(16.05000114440918, 37.35000228881836, 128.01800537109375)","(70.05000305175781, 39.150001525878906, 89.2979965209961)","(115.35000610351562, 50.70000076293945, 95.83200073242188)","(19.350000381469727, 21.30000114440918, -6.533999919891357)","(47.400001525878906, 31.650001525878906, 21.053998947143555)"
106,2022-12-11 18:47:02.984012,"(36.150001525878906, 27.900001525878906, 102.8499984741211)","(29.700000762939453, 30.600000381469727, 73.08399963378906)","(29.400001525878906, 99.45000457763672, 109.86799621582031)","(17.400001525878906, 36.900001525878906, 126.80799865722656)","(70.35000610351562, 39.45000076293945, 89.2979965209961)","(114.9000015258789, 50.85000228881836, 94.86399841308594)","(20.850000381469727, 20.55000114440918, -7.501999855041504)","(47.25, 31.500001907348633, 20.812000274658203)"
107,2022-12-11 18:47:03.029032,"(36.150001525878906, 28.650001525878906, 104.54399871826172)","(30.750001907348633, 31.200000762939453, 76.95600128173828)","(28.05000114440918, 99.75000762939453, 111.31999969482422)","(17.100000381469727, 37.80000305175781, 124.87200164794922)","(70.5, 39.30000305175781, 89.54000091552734)","(115.20000457763672, 50.70000076293945, 94.86399841308594)","(19.80000114440918, 20.850000381469727, -7.74399995803833)","(47.10000228881836, 31.500001907348633, 20.812000274658203)"
108,2022-12-11 18:47:03.119022,"(35.55000305175781, 27.450000762939453, 100.91400146484375)","(30.900001525878906, 29.250001907348633, 75.0199966430664)","(29.250001907348633, 99.45000457763672, 110.83599853515625)","(16.650001525878906, 36.75, 125.83999633789062)","(70.5, 39.30000305175781, 88.81400299072266)","(115.20000457763672, 50.70000076293945, 94.86399841308594)","(21.150001525878906, 20.400001525878906, -8.227999687194824)","(47.70000076293945, 31.950000762939453, 21.053998947143555)"
109,2022-12-11 18:47:03.163973,"(34.95000076293945, 28.200000762939453, 102.36599731445312)","(29.700000762939453, 31.05000114440918, 76.47200012207031)","(29.100000381469727, 100.05000305175781, 109.38400268554688)","(15.450000762939453, 36.900001525878906, 124.14599609375)","(70.05000305175781, 39.30000305175781, 90.02400207519531)","(115.20000457763672, 51.000003814697266, 96.0739974975586)","(21.150001525878906, 20.700000762939453, -7.74399995803833)","(46.80000305175781, 31.200000762939453, 20.327999114990234)"
110,2022-12-11 18:47:03.209097,"(36.45000076293945, 29.55000114440918, 103.57599639892578)","(30.750001907348633, 29.400001525878906, 77.197998046875)","(30.150001525878906, 99.00000762939453, 107.93199920654297)","(16.350000381469727, 36.150001525878906, 124.38800048828125)","(69.60000610351562, 39.150001525878906, 89.2979965209961)","(115.6500015258789, 50.70000076293945, 94.86399841308594)","(20.700000762939453, 20.55000114440918, -7.74399995803833)","(47.55000305175781, 30.750001907348633, 20.327999114990234)"
111,2022-12-11 18:47:03.299063,"(34.20000076293945, 27.000001907348633, 102.36599731445312)","(30.30000114440918, 29.400001525878906, 76.71399688720703)","(28.500001907348633, 98.85000610351562, 107.447998046875)","(15.600000381469727, 36.60000228881836, 125.83999633789062)","(70.05000305175781, 39.150001525878906, 89.54000091552734)","(114.75000762939453, 50.85000228881836, 95.3479995727539)","(20.25, 21.150001525878906, -7.74399995803833)","(47.25, 31.350000381469727, 21.538000106811523)"
112,2022-12-11 18:47:03.343727,"(34.95000076293945, 29.55000114440918, 103.81800079345703)","(29.250001907348633, 30.000001907348633, 75.0199966430664)","(29.100000381469727, 98.4000015258789, 109.86799621582031)","(16.200000762939453, 37.95000076293945, 124.87200164794922)","(70.05000305175781, 39.0, 89.78199768066406)","(115.35000610351562, 51.150001525878906, 95.3479995727539)","(20.100000381469727, 20.25, -7.259999752044678)","(47.55000305175781, 31.80000114440918, 20.812000274658203)"
113,2022-12-11 18:47:03.388926,"(33.900001525878906, 25.80000114440918, 105.75399780273438)","(29.700000762939453, 31.200000762939453, 75.98799896240234)","(29.55000114440918, 99.30000305175781, 109.14199829101562)","(16.200000762939453, 36.0, 125.83999633789062)","(69.75, 39.150001525878906, 89.54000091552734)","(115.95000457763672, 51.45000076293945, 95.58999633789062)","(21.150001525878906, 20.100000381469727, -8.711999893188477)","(47.400001525878906, 31.200000762939453, 20.812000274658203)"
114,2022-12-11 18:47:03.478882,"(36.45000076293945, 27.30000114440918, 103.81800079345703)","(30.750001907348633, 29.55000114440918, 75.0199966430664)","(30.450000762939453, 100.50000762939453, 110.35199737548828)","(16.350000381469727, 37.5, 123.66200256347656)","(70.35000610351562, 39.45000076293945, 89.54000091552734)","(115.35000610351562, 51.000003814697266, 95.3479995727539)","(20.25, 20.55000114440918, -7.986000061035156)","(47.25, 31.350000381469727, 20.327999114990234)"
115,2022-12-11 18:47:03.523838,"(33.900001525878906, 28.05000114440918, 103.09200286865234)","(31.80000114440918, 30.000001907348633, 74.29399871826172)","(29.850000381469727, 98.55000305175781, 108.41600036621094)","(17.400001525878906, 36.45000076293945, 124.62999725341797)","(70.05000305175781, 38.85000228881836, 89.2979965209961)","(115.35000610351562, 50.70000076293945, 95.58999633789062)","(21.30000114440918, 20.850000381469727, -7.01800012588501)","(47.10000228881836, 31.350000381469727, 21.538000106811523)"
116,2022-12-11 18:47:03.614036,"(34.95000076293945, 26.55000114440918, 102.60800170898438)","(29.850000381469727, 29.55000114440918, 77.68199920654297)","(29.850000381469727, 99.45000457763672, 109.14199829101562)","(16.05000114440918, 38.400001525878906, 124.14599609375)","(70.20000457763672, 39.30000305175781, 88.81400299072266)","(115.35000610351562, 51.30000305175781, 95.3479995727539)","(21.0, 20.850000381469727, -7.501999855041504)","(47.25, 31.350000381469727, 21.780000686645508)"
117,2022-12-11 18:47:03.658923,"(33.45000076293945, 27.30000114440918, 102.8499984741211)","(30.600000381469727, 29.100000381469727, 74.052001953125)","(29.400001525878906, 98.4000015258789, 108.41600036621094)","(16.650001525878906, 36.30000305175781, 125.5979995727539)","(70.20000457763672, 39.0, 89.78199768066406)","(115.35000610351562, 51.60000228881836, 94.86399841308594)","(20.55000114440918, 20.55000114440918, -7.74399995803833)","(47.10000228881836, 31.80000114440918, 21.538000106811523)"
118,2022-12-11 18:47:03.704174,"(34.650001525878906, 28.200000762939453, 103.09200286865234)","(31.200000762939453, 30.30000114440918, 75.0199966430664)","(28.200000762939453, 99.60000610351562, 106.96399688720703)","(16.950000762939453, 38.400001525878906, 126.08200073242188)","(70.35000610351562, 39.30000305175781, 89.78199768066406)","(115.6500015258789, 51.45000076293945, 94.62200164794922)","(20.55000114440918, 20.400001525878906, -7.986000061035156)","(47.55000305175781, 31.80000114440918, 21.538000106811523)"
119,2022-12-11 18:47:03.839046,"(36.0, 27.30000114440918, 103.33399963378906)","(29.700000762939453, 30.000001907348633, 77.68199920654297)","(29.850000381469727, 100.50000762939453, 110.83599853515625)","(15.750000953674316, 36.45000076293945, 125.83999633789062)","(70.20000457763672, 39.150001525878906, 88.81400299072266)","(115.35000610351562, 50.70000076293945, 95.83200073242188)","(20.400001525878906, 20.400001525878906, -7.259999752044678)","(47.25, 32.10000228881836, 21.538000106811523)"
120,2022-12-11 18:47:03.840182,"(34.5, 28.650001525878906, 102.8499984741211)","(30.450000762939453, 30.30000114440918, 73.08399963378906)","(28.500001907348633, 99.1500015258789, 107.93199920654297)","(16.05000114440918, 38.25, 126.56600189208984)","(70.35000610351562, 39.60000228881836, 89.54000091552734)","(115.95000457763672, 51.000003814697266, 95.10600280761719)","(21.150001525878906, 21.600000381469727, -7.986000061035156)","(47.400001525878906, 31.500001907348633, 19.8439998626709)"
121,2022-12-11 18:47:03.884072,"(35.85000228881836, 28.05000114440918, 100.43000030517578)","(31.350000381469727, 30.600000381469727, 76.47200012207031)","(28.80000114440918, 98.10000610351562, 109.38400268554688)","(16.950000762939453, 35.55000305175781, 125.83999633789062)","(70.05000305175781, 39.150001525878906, 89.54000091552734)","(115.80000305175781, 50.400001525878906, 95.3479995727539)","(20.850000381469727, 21.0, -7.986000061035156)","(47.400001525878906, 31.05000114440918, 21.29599952697754)"
122,2022-12-11 18:47:03.973999,"(34.5, 28.500001907348633, 105.02799987792969)","(30.900001525878906, 29.100000381469727, 74.052001953125)","(28.950000762939453, 98.25000762939453, 107.93199920654297)","(16.650001525878906, 37.05000305175781, 126.80799865722656)","(70.5, 39.30000305175781, 89.54000091552734)","(115.50000762939453, 51.60000228881836, 95.10600280761719)","(20.400001525878906, 20.400001525878906, -7.74399995803833)","(47.400001525878906, 31.650001525878906, 21.053998947143555)"
123,2022-12-11 18:47:04.018752,"(35.10000228881836, 26.700000762939453, 105.02799987792969)","(30.900001525878906, 30.000001907348633, 74.77799987792969)","(28.650001525878906, 99.9000015258789, 107.69000244140625)","(17.100000381469727, 37.80000305175781, 123.41999816894531)","(69.9000015258789, 39.45000076293945, 89.2979965209961)","(115.50000762939453, 51.000003814697266, 95.10600280761719)","(20.700000762939453, 20.25, -7.986000061035156)","(47.400001525878906, 31.500001907348633, 20.812000274658203)"
124,2022-12-11 18:47:04.109042,"(35.10000228881836, 27.750001907348633, 103.81800079345703)","(30.900001525878906, 30.000001907348633, 75.0199966430664)","(27.450000762939453, 99.00000762939453, 109.6259994506836)","(16.80000114440918, 37.35000228881836, 123.90399932861328)","(70.5, 39.45000076293945, 89.2979965209961)","(115.35000610351562, 50.55000305175781, 95.3479995727539)","(20.850000381469727, 20.100000381469727, -7.01800012588501)","(47.55000305175781, 31.200000762939453, 20.812000274658203)"
125,2022-12-11 18:47:04.153944,"(34.650001525878906, 28.05000114440918, 103.81800079345703)","(32.10000228881836, 31.650001525878906, 75.0199966430664)","(28.350000381469727, 98.4000015258789, 107.93199920654297)","(15.90000057220459, 36.0, 126.80799865722656)","(70.6500015258789, 39.45000076293945, 89.54000091552734)","(115.50000762939453, 50.55000305175781, 95.3479995727539)","(21.30000114440918, 20.700000762939453, -7.501999855041504)","(47.25, 31.950000762939453, 20.812000274658203)"
126,2022-12-11 18:47:04.198959,"(35.25, 27.000001907348633, 102.36599731445312)","(31.650001525878906, 30.900001525878906, 76.71399688720703)","(28.950000762939453, 98.70000457763672, 106.72200012207031)","(16.650001525878906, 36.45000076293945, 122.69400024414062)","(69.75, 39.60000228881836, 89.2979965209961)","(115.6500015258789, 51.000003814697266, 95.3479995727539)","(20.100000381469727, 20.850000381469727, -7.501999855041504)","(47.10000228881836, 31.350000381469727, 21.538000106811523)"
127,2022-12-11 18:47:04.289138,"(34.95000076293945, 30.150001525878906, 102.1240005493164)","(31.950000762939453, 29.700000762939453, 77.197998046875)","(28.950000762939453, 99.45000457763672, 107.93199920654297)","(16.5, 36.900001525878906, 124.14599609375)","(69.9000015258789, 39.150001525878906, 89.54000091552734)","(115.80000305175781, 51.45000076293945, 95.3479995727539)","(20.850000381469727, 20.55000114440918, -7.01800012588501)","(48.0, 31.650001525878906, 20.56999969482422)"
128,2022-12-11 18:47:04.334047,"(36.45000076293945, 27.150001525878906, 104.78600311279297)","(29.850000381469727, 29.700000762939453, 75.74600219726562)","(29.250001907348633, 100.50000762939453, 110.83599853515625)","(17.25, 36.900001525878906, 126.3239974975586)","(69.9000015258789, 39.0, 89.2979965209961)","(115.80000305175781, 50.70000076293945, 94.86399841308594)","(20.700000762939453, 20.55000114440918, -7.01800012588501)","(47.85000228881836, 31.350000381469727, 20.56999969482422)"
129,2022-12-11 18:47:04.378912,"(35.400001525878906, 28.350000381469727, 101.15599822998047)","(30.600000381469727, 29.700000762939453, 76.47200012207031)","(29.55000114440918, 99.1500015258789, 107.93199920654297)","(17.100000381469727, 38.25, 124.14599609375)","(70.20000457763672, 39.30000305175781, 89.05599975585938)","(115.20000457763672, 51.30000305175781, 94.86399841308594)","(20.850000381469727, 20.400001525878906, -7.501999855041504)","(47.400001525878906, 31.500001907348633, 21.29599952697754)"
130,2022-12-11 18:47:04.468873,"(34.35000228881836, 27.150001525878906, 101.39800262451172)","(32.10000228881836, 31.500001907348633, 75.26200103759766)","(30.450000762939453, 100.50000762939453, 110.35199737548828)","(16.80000114440918, 36.150001525878906, 127.05000305175781)","(70.20000457763672, 38.55000305175781, 89.54000091552734)","(116.25000762939453, 51.30000305175781, 94.86399841308594)","(20.700000762939453, 20.700000762939453, -8.227999687194824)","(47.85000228881836, 31.80000114440918, 21.053998947143555)"
131,2022-12-11 18:47:04.513865,"(35.85000228881836, 27.450000762939453, 102.8499984741211)","(30.000001907348633, 30.150001525878906, 76.2300033569336)","(27.750001907348633, 99.30000305175781, 108.9000015258789)","(17.25, 36.60000228881836, 125.11399841308594)","(70.05000305175781, 39.150001525878906, 89.54000091552734)","(115.35000610351562, 51.150001525878906, 94.86399841308594)","(20.850000381469727, 20.700000762939453, -6.291999816894531)","(47.55000305175781, 32.25, 20.812000274658203)"
132,2022-12-11 18:47:04.559121,"(35.400001525878906, 28.350000381469727, 99.7040023803711)","(30.450000762939453, 30.150001525878906, 75.74600219726562)","(29.250001907348633, 99.00000762939453, 108.41600036621094)","(17.25, 37.20000076293945, 125.83999633789062)","(70.35000610351562, 39.30000305175781, 89.54000091552734)","(115.50000762939453, 51.150001525878906, 94.62200164794922)","(21.0, 20.25, -7.501999855041504)","(47.55000305175781, 31.500001907348633, 20.56999969482422)"
133,2022-12-11 18:47:04.648893,"(34.05000305175781, 29.700000762939453, 104.54399871826172)","(30.450000762939453, 29.700000762939453, 75.26200103759766)","(29.700000762939453, 99.30000305175781, 107.69000244140625)","(16.80000114440918, 37.5, 125.11399841308594)","(70.5, 39.30000305175781, 88.33000183105469)","(115.35000610351562, 51.150001525878906, 94.86399841308594)","(20.700000762939453, 21.75, -7.986000061035156)","(47.25, 31.05000114440918, 20.56999969482422)"
134,2022-12-11 18:47:04.693899,"(35.400001525878906, 28.650001525878906, 101.39800262451172)","(30.900001525878906, 29.700000762939453, 75.26200103759766)","(29.400001525878906, 98.85000610351562, 110.59400177001953)","(19.5, 36.75, 122.93599700927734)","(70.20000457763672, 39.60000228881836, 90.02400207519531)","(115.35000610351562, 51.30000305175781, 94.86399841308594)","(21.150001525878906, 20.55000114440918, -6.776000022888184)","(48.30000305175781, 31.950000762939453, 21.053998947143555)"
135,2022-12-11 18:47:04.783899,"(35.55000305175781, 30.30000114440918, 101.63999938964844)","(30.750001907348633, 29.400001525878906, 75.26200103759766)","(29.850000381469727, 99.30000305175781, 108.41600036621094)","(15.90000057220459, 38.10000228881836, 124.38800048828125)","(70.05000305175781, 39.150001525878906, 88.81400299072266)","(115.95000457763672, 51.45000076293945, 94.37999725341797)","(20.700000762939453, 20.850000381469727, -7.501999855041504)","(47.55000305175781, 31.950000762939453, 20.56999969482422)"
136,2022-12-11 18:47:04.828942,"(34.80000305175781, 28.500001907348633, 103.57599639892578)","(30.900001525878906, 30.150001525878906, 77.197998046875)","(29.250001907348633, 100.95000457763672, 108.9000015258789)","(17.100000381469727, 37.5, 125.83999633789062)","(70.05000305175781, 39.30000305175781, 88.81400299072266)","(115.80000305175781, 50.85000228881836, 95.58999633789062)","(20.400001525878906, 21.150001525878906, -8.227999687194824)","(47.25, 31.80000114440918, 21.29599952697754)"
137,2022-12-11 18:47:04.874012,"(35.55000305175781, 29.55000114440918, 103.57599639892578)","(31.05000114440918, 30.000001907348633, 75.26200103759766)","(29.700000762939453, 99.30000305175781, 110.83599853515625)","(17.100000381469727, 36.45000076293945, 127.29199981689453)","(70.5, 39.0, 89.05599975585938)","(115.05000305175781, 50.70000076293945, 95.83200073242188)","(21.450000762939453, 20.400001525878906, -7.74399995803833)","(47.400001525878906, 31.350000381469727, 20.56999969482422)"
138,2022-12-11 18:47:04.963999,"(36.30000305175781, 28.950000762939453, 106.72200012207031)","(30.450000762939453, 30.450000762939453, 75.98799896240234)","(29.250001907348633, 99.45000457763672, 110.35199737548828)","(16.200000762939453, 37.80000305175781, 123.1780014038086)","(70.05000305175781, 39.30000305175781, 89.2979965209961)","(115.95000457763672, 51.000003814697266, 95.58999633789062)","(20.700000762939453, 21.600000381469727, -7.501999855041504)","(47.85000228881836, 31.05000114440918, 21.29599952697754)"
139,2022-12-11 18:47:05.008967,"(36.900001525878906, 28.200000762939453, 103.09200286865234)","(30.450000762939453, 30.450000762939453, 74.53600311279297)","(30.600000381469727, 99.75000762939453, 110.59400177001953)","(16.650001525878906, 36.45000076293945, 125.11399841308594)","(70.35000610351562, 39.0, 88.81400299072266)","(115.6500015258789, 51.30000305175781, 94.62200164794922)","(21.150001525878906, 20.25, -7.501999855041504)","(47.400001525878906, 31.80000114440918, 21.053998947143555)"
140,2022-12-11 18:47:05.053955,"(35.70000076293945, 27.600000381469727, 102.60800170898438)","(30.900001525878906, 30.600000381469727, 73.32599639892578)","(30.000001907348633, 100.80000305175781, 108.9000015258789)","(16.80000114440918, 37.35000228881836, 124.87200164794922)","(69.9000015258789, 39.45000076293945, 89.2979965209961)","(115.20000457763672, 51.750003814697266, 95.10600280761719)","(20.850000381469727, 20.850000381469727, -7.501999855041504)","(47.55000305175781, 31.650001525878906, 22.02199935913086)"
141,2022-12-11 18:47:05.188511,"(35.10000228881836, 26.700000762939453, 106.23799896240234)","(28.80000114440918, 30.450000762939453, 76.71399688720703)","(28.650001525878906, 99.00000762939453, 108.9000015258789)","(15.90000057220459, 37.20000076293945, 124.38800048828125)","(69.9000015258789, 39.45000076293945, 89.05599975585938)","(115.35000610351562, 51.000003814697266, 95.3479995727539)","(21.450000762939453, 21.75, -7.501999855041504)","(47.55000305175781, 31.200000762939453, 21.780000686645508)"
142,2022-12-11 18:47:05.189696,"(36.150001525878906, 29.700000762939453, 103.81800079345703)","(31.950000762939453, 29.250001907348633, 77.68199920654297)","(28.80000114440918, 100.35000610351562, 108.9000015258789)","(16.950000762939453, 38.70000076293945, 124.38800048828125)","(70.05000305175781, 39.0, 88.81400299072266)","(115.35000610351562, 51.000003814697266, 95.10600280761719)","(20.850000381469727, 20.850000381469727, -6.291999816894531)","(47.400001525878906, 31.350000381469727, 21.780000686645508)"
143,2022-12-11 18:47:05.279069,"(34.80000305175781, 28.950000762939453, 103.57599639892578)","(29.700000762939453, 28.350000381469727, 75.98799896240234)","(30.900001525878906, 98.70000457763672, 108.9000015258789)","(17.25, 38.10000228881836, 124.14599609375)","(70.80000305175781, 39.75, 89.05599975585938)","(115.6500015258789, 51.45000076293945, 95.10600280761719)","(20.55000114440918, 21.600000381469727, -6.776000022888184)","(48.30000305175781, 31.350000381469727, 21.780000686645508)"
144,2022-12-11 18:47:05.324083,"(36.75, 27.750001907348633, 105.02799987792969)","(28.350000381469727, 29.700000762939453, 75.74600219726562)","(29.250001907348633, 100.35000610351562, 108.9000015258789)","(16.05000114440918, 37.95000076293945, 124.62999725341797)","(70.20000457763672, 39.60000228881836, 89.54000091552734)","(115.05000305175781, 50.85000228881836, 95.10600280761719)","(20.100000381469727, 21.450000762939453, -7.74399995803833)","(47.70000076293945, 31.950000762939453, 21.538000106811523)"
145,2022-12-11 18:47:05.369044,"(34.650001525878906, 28.650001525878906, 103.09200286865234)","(30.750001907348633, 30.750001907348633, 76.2300033569336)","(30.450000762939453, 98.55000305175781, 105.99600219726562)","(16.5, 35.55000305175781, 125.11399841308594)","(70.20000457763672, 39.75, 88.5719985961914)","(114.9000015258789, 51.45000076293945, 95.58999633789062)","(21.600000381469727, 20.850000381469727, -5.808000087738037)","(48.150001525878906, 31.350000381469727, 22.263999938964844)"
146,2022-12-11 18:47:05.458907,"(35.400001525878906, 29.400001525878906, 102.1240005493164)","(31.950000762939453, 30.750001907348633, 75.98799896240234)","(28.950000762939453, 100.6500015258789, 110.11000061035156)","(17.25, 38.10000228881836, 124.14599609375)","(70.5, 39.60000228881836, 89.2979965209961)","(114.9000015258789, 51.60000228881836, 94.86399841308594)","(21.0, 21.450000762939453, -7.986000061035156)","(48.30000305175781, 31.500001907348633, 22.263999938964844)"
147,2022-12-11 18:47:05.548953,"(35.55000305175781, 28.200000762939453, 103.57599639892578)","(29.400001525878906, 32.25, 75.74600219726562)","(29.55000114440918, 99.9000015258789, 108.9000015258789)","(16.200000762939453, 38.400001525878906, 124.62999725341797)","(69.75, 40.05000305175781, 88.5719985961914)","(114.9000015258789, 51.750003814697266, 94.86399841308594)","(21.900001525878906, 20.700000762939453, -7.259999752044678)","(47.70000076293945, 31.350000381469727, 22.989999771118164)"
148,2022-12-11 18:47:05.550022,"(35.25, 28.500001907348633, 103.33399963378906)","(29.55000114440918, 29.100000381469727, 73.80999755859375)","(29.400001525878906, 99.9000015258789, 109.86799621582031)","(16.200000762939453, 38.70000076293945, 123.66200256347656)","(70.20000457763672, 39.45000076293945, 89.54000091552734)","(115.35000610351562, 51.60000228881836, 95.3479995727539)","(21.0, 21.450000762939453, -7.74399995803833)","(48.45000076293945, 31.650001525878906, 22.02199935913086)"
149,2022-12-11 18:47:05.639053,"(35.25, 27.30000114440918, 105.2699966430664)","(29.100000381469727, 30.450000762939453, 75.26200103759766)","(29.400001525878906, 100.05000305175781, 112.52999877929688)","(16.5, 34.95000076293945, 123.1780014038086)","(70.20000457763672, 39.45000076293945, 89.2979965209961)","(114.9000015258789, 52.20000076293945, 95.3479995727539)","(20.700000762939453, 21.900001525878906, -7.01800012588501)","(48.30000305175781, 31.350000381469727, 22.506000518798828)"
150,2022-12-11 18:47:05.684155,"(37.35000228881836, 28.500001907348633, 105.02799987792969)","(30.450000762939453, 30.600000381469727, 73.32599639892578)","(28.650001525878906, 100.05000305175781, 109.38400268554688)","(15.600000381469727, 38.55000305175781, 124.14599609375)","(70.20000457763672, 39.30000305175781, 88.81400299072266)","(115.6500015258789, 52.650001525878906, 95.10600280761719)","(21.30000114440918, 21.75, -8.711999893188477)","(48.60000228881836, 31.200000762939453, 22.989999771118164)"
151,2022-12-11 18:47:05.728806,"(34.80000305175781, 29.100000381469727, 104.05999755859375)","(29.100000381469727, 29.700000762939453, 76.71399688720703)","(28.650001525878906, 97.6500015258789, 108.17399597167969)","(15.90000057220459, 37.35000228881836, 123.41999816894531)","(70.35000610351562, 39.60000228881836, 89.2979965209961)","(115.6500015258789, 51.45000076293945, 94.37999725341797)","(20.850000381469727, 21.150001525878906, -7.01800012588501)","(48.60000228881836, 31.200000762939453, 22.263999938964844)"
152,2022-12-11 18:47:05.819190,"(36.0, 26.100000381469727, 103.33399963378906)","(29.400001525878906, 29.400001525878906, 75.0199966430664)","(28.950000762939453, 100.20000457763672, 108.65799713134766)","(15.90000057220459, 37.05000305175781, 122.69400024414062)","(69.75, 39.60000228881836, 89.05599975585938)","(114.9000015258789, 51.900001525878906, 94.37999725341797)","(20.55000114440918, 22.05000114440918, -6.291999816894531)","(48.60000228881836, 30.750001907348633, 22.263999938964844)"
153,2022-12-11 18:47:05.863870,"(34.80000305175781, 27.600000381469727, 102.36599731445312)","(30.000001907348633, 31.500001907348633, 75.0199966430664)","(29.250001907348633, 100.6500015258789, 108.65799713134766)","(17.400001525878906, 37.650001525878906, 124.62999725341797)","(69.75, 39.60000228881836, 89.2979965209961)","(115.35000610351562, 52.35000228881836, 95.10600280761719)","(22.05000114440918, 21.900001525878906, -8.711999893188477)","(48.750003814697266, 31.350000381469727, 22.74799919128418)"
154,2022-12-11 18:47:05.954081,"(35.85000228881836, 27.30000114440918, 103.33399963378906)","(29.100000381469727, 30.900001525878906, 75.74600219726562)","(28.650001525878906, 98.85000610351562, 106.47999572753906)","(15.90000057220459, 36.60000228881836, 126.3239974975586)","(70.20000457763672, 39.45000076293945, 89.05599975585938)","(115.20000457763672, 52.05000305175781, 95.58999633789062)","(20.25, 21.600000381469727, -7.986000061035156)","(48.0, 31.200000762939453, 22.506000518798828)"
155,2022-12-11 18:47:05.998996,"(33.75, 28.200000762939453, 102.36599731445312)","(29.700000762939453, 29.250001907348633, 74.77799987792969)","(28.950000762939453, 99.45000457763672, 108.41600036621094)","(15.300000190734863, 37.5, 124.14599609375)","(70.20000457763672, 40.05000305175781, 89.78199768066406)","(115.80000305175781, 52.20000076293945, 95.83200073242188)","(21.0, 21.150001525878906, -7.259999752044678)","(48.60000228881836, 31.500001907348633, 22.263999938964844)"
156,2022-12-11 18:47:06.043936,"(34.5, 28.05000114440918, 102.8499984741211)","(30.000001907348633, 29.250001907348633, 75.98799896240234)","(27.750001907348633, 101.10000610351562, 107.69000244140625)","(15.600000381469727, 35.85000228881836, 126.3239974975586)","(69.9000015258789, 39.900001525878906, 88.5719985961914)","(115.20000457763672, 52.05000305175781, 94.86399841308594)","(21.150001525878906, 21.30000114440918, -7.986000061035156)","(48.45000076293945, 31.05000114440918, 21.29599952697754)"
157,2022-12-11 18:47:06.134111,"(35.25, 28.200000762939453, 102.8499984741211)","(30.150001525878906, 30.000001907348633, 73.08399963378906)","(30.750001907348633, 99.1500015258789, 109.38400268554688)","(17.850000381469727, 37.05000305175781, 122.45199584960938)","(69.9000015258789, 39.60000228881836, 89.05599975585938)","(115.80000305175781, 51.60000228881836, 95.3479995727539)","(20.850000381469727, 21.150001525878906, -6.533999919891357)","(48.30000305175781, 31.350000381469727, 21.538000106811523)"
158,2022-12-11 18:47:06.178972,"(36.150001525878906, 29.400001525878906, 102.60800170898438)","(31.05000114440918, 30.30000114440918, 77.197998046875)","(29.850000381469727, 99.30000305175781, 109.6259994506836)","(16.5, 37.650001525878906, 121.48400115966797)","(70.5, 39.900001525878906, 89.2979965209961)","(115.20000457763672, 51.900001525878906, 95.58999633789062)","(21.450000762939453, 21.30000114440918, -7.259999752044678)","(48.60000228881836, 30.450000762939453, 21.780000686645508)"
159,2022-12-11 18:47:06.224009,"(34.05000305175781, 28.05000114440918, 103.33399963378906)","(29.850000381469727, 30.30000114440918, 77.92399597167969)","(28.05000114440918, 99.00000762939453, 108.65799713134766)","(17.100000381469727, 38.400001525878906, 125.5979995727539)","(70.35000610351562, 39.60000228881836, 89.2979965209961)","(115.35000610351562, 52.35000228881836, 94.86399841308594)","(20.850000381469727, 21.150001525878906, -6.776000022888184)","(48.45000076293945, 32.10000228881836, 22.506000518798828)"
160,2022-12-11 18:47:06.314170,"(33.60000228881836, 29.55000114440918, 103.09200286865234)","(29.850000381469727, 29.250001907348633, 76.2300033569336)","(28.950000762939453, 98.85000610351562, 108.9000015258789)","(15.300000190734863, 38.55000305175781, 126.3239974975586)","(70.05000305175781, 39.30000305175781, 89.05599975585938)","(115.35000610351562, 52.650001525878906, 95.10600280761719)","(21.0, 21.75, -8.227999687194824)","(48.750003814697266, 31.200000762939453, 21.538000106811523)"
161,2022-12-11 18:47:06.359027,"(32.70000076293945, 28.500001907348633, 105.51200103759766)","(30.30000114440918, 31.200000762939453, 76.2300033569336)","(27.900001525878906, 99.75000762939453, 108.9000015258789)","(15.750000953674316, 38.400001525878906, 123.90399932861328)","(69.75, 39.75, 89.2979965209961)","(114.9000015258789, 52.20000076293945, 95.58999633789062)","(21.150001525878906, 21.150001525878906, -7.01800012588501)","(48.45000076293945, 31.200000762939453, 21.780000686645508)"
162,2022-12-11 18:47:06.494218,"(36.30000305175781, 27.30000114440918, 103.09200286865234)","(29.850000381469727, 30.150001525878906, 76.47200012207031)","(29.250001907348633, 99.45000457763672, 107.20600128173828)","(16.80000114440918, 36.900001525878906, 124.14599609375)","(69.9000015258789, 39.75, 88.81400299072266)","(114.9000015258789, 52.20000076293945, 95.3479995727539)","(21.75, 20.850000381469727, -7.259999752044678)","(48.60000228881836, 31.200000762939453, 22.02199935913086)"
163,2022-12-11 18:47:06.495298,"(34.80000305175781, 27.30000114440918, 102.1240005493164)","(32.400001525878906, 30.000001907348633, 76.2300033569336)","(28.500001907348633, 99.60000610351562, 109.38400268554688)","(16.950000762939453, 37.35000228881836, 125.35600280761719)","(70.20000457763672, 39.150001525878906, 89.2979965209961)","(115.6500015258789, 51.900001525878906, 95.10600280761719)","(21.0, 21.0, -6.533999919891357)","(48.60000228881836, 31.200000762939453, 21.780000686645508)"
164,2022-12-11 18:47:06.539127,"(34.95000076293945, 29.100000381469727, 102.60800170898438)","(31.650001525878906, 29.850000381469727, 76.71399688720703)","(28.950000762939453, 99.75000762939453, 107.93199920654297)","(15.600000381469727, 36.900001525878906, 123.41999816894531)","(69.75, 39.30000305175781, 89.2979965209961)","(115.20000457763672, 51.000003814697266, 94.37999725341797)","(20.700000762939453, 21.600000381469727, -7.74399995803833)","(48.30000305175781, 31.200000762939453, 22.263999938964844)"
165,2022-12-11 18:47:06.629189,"(34.650001525878906, 27.600000381469727, 101.63999938964844)","(31.350000381469727, 32.10000228881836, 74.052001953125)","(29.700000762939453, 97.80000305175781, 109.38400268554688)","(16.05000114440918, 37.35000228881836, 125.83999633789062)","(70.05000305175781, 39.60000228881836, 89.2979965209961)","(114.75000762939453, 51.900001525878906, 94.86399841308594)","(21.0, 21.30000114440918, -7.01800012588501)","(48.150001525878906, 31.05000114440918, 21.538000106811523)"
166,2022-12-11 18:47:06.719077,"(36.75, 27.150001525878906, 104.05999755859375)","(31.500001907348633, 28.05000114440918, 75.98799896240234)","(28.500001907348633, 98.10000610351562, 109.14199829101562)","(17.850000381469727, 37.35000228881836, 127.29199981689453)","(69.60000610351562, 39.30000305175781, 89.2979965209961)","(115.05000305175781, 51.750003814697266, 94.37999725341797)","(20.400001525878906, 21.150001525878906, -7.259999752044678)","(48.30000305175781, 31.350000381469727, 22.02199935913086)"
167,2022-12-11 18:47:06.720126,"(35.400001525878906, 29.400001525878906, 105.51200103759766)","(31.350000381469727, 30.450000762939453, 77.44000244140625)","(28.650001525878906, 99.9000015258789, 109.86799621582031)","(16.350000381469727, 38.55000305175781, 123.90399932861328)","(69.75, 39.45000076293945, 89.05599975585938)","(114.75000762939453, 51.900001525878906, 94.37999725341797)","(21.0, 21.75, -7.986000061035156)","(48.0, 31.350000381469727, 21.538000106811523)"
168,2022-12-11 18:47:06.810419,"(35.55000305175781, 28.950000762939453, 102.1240005493164)","(31.05000114440918, 29.400001525878906, 77.92399597167969)","(28.350000381469727, 100.20000457763672, 108.17399597167969)","(16.350000381469727, 36.75, 124.62999725341797)","(70.20000457763672, 39.30000305175781, 89.78199768066406)","(114.9000015258789, 51.60000228881836, 94.86399841308594)","(20.700000762939453, 21.0, -7.74399995803833)","(48.30000305175781, 31.80000114440918, 22.506000518798828)"
169,2022-12-11 18:47:06.853911,"(34.80000305175781, 28.500001907348633, 104.54399871826172)","(29.700000762939453, 29.850000381469727, 73.56800079345703)","(31.05000114440918, 100.20000457763672, 106.23799896240234)","(16.80000114440918, 37.650001525878906, 124.38800048828125)","(69.9000015258789, 39.45000076293945, 89.54000091552734)","(115.6500015258789, 52.20000076293945, 94.37999725341797)","(22.05000114440918, 20.55000114440918, -7.74399995803833)","(48.0, 31.500001907348633, 21.780000686645508)"
170,2022-12-11 18:47:06.898717,"(34.20000076293945, 28.80000114440918, 104.05999755859375)","(29.55000114440918, 29.700000762939453, 75.98799896240234)","(30.150001525878906, 100.20000457763672, 108.9000015258789)","(18.30000114440918, 37.80000305175781, 126.80799865722656)","(69.9000015258789, 39.60000228881836, 89.2979965209961)","(115.05000305175781, 51.150001525878906, 94.37999725341797)","(20.55000114440918, 21.0, -7.501999855041504)","(48.30000305175781, 31.500001907348633, 22.263999938964844)"
